{
    "0": {
        "loss": 2.3056950187683105,
        "cen_accuracy": 0.1,
        "kappa": 0.0,
        "f1": 0.01818181818181818,
        "roc_auc": 0.4766579833333333
    },
    "1": {
        "loss": 2.3086659130096434,
        "cen_accuracy": 0.1,
        "kappa": 0.0,
        "f1": 0.01818181818181818,
        "roc_auc": 0.5740621055555556
    },
    "2": {
        "loss": 2.2837152828216554,
        "cen_accuracy": 0.1281,
        "kappa": 0.031222222222222373,
        "f1": 0.06148222356964701,
        "roc_auc": 0.6452885444444444
    },
    "3": {
        "loss": 2.188041707611084,
        "cen_accuracy": 0.1655,
        "kappa": 0.07277777777777816,
        "f1": 0.10723602492469178,
        "roc_auc": 0.6987283000000001
    }
}