{
    "0": {
        "loss": 2.3052649745941163,
        "cen_accuracy": 0.1,
        "kappa": 0.0,
        "f1": 0.01818181818181818,
        "roc_auc": 0.5049323388888889
    },
    "1": {
        "loss": 2.299099059677124,
        "cen_accuracy": 0.0999,
        "kappa": -0.00011111111111095084,
        "f1": 0.01820003643650938,
        "roc_auc": 0.6749085666666665
    },
    "2": {
        "loss": 2.017783653640747,
        "cen_accuracy": 0.2142,
        "kappa": 0.12688888888888894,
        "f1": 0.14081138594960912,
        "roc_auc": 0.7376698555555554
    },
    "3": {
        "loss": 1.7742326570510865,
        "cen_accuracy": 0.3166,
        "kappa": 0.2406666666666667,
        "f1": 0.2871213934559516,
        "roc_auc": 0.8081349277777777
    },
    "4": {
        "loss": 1.6585498256683349,
        "cen_accuracy": 0.3788,
        "kappa": 0.30977777777777793,
        "f1": 0.36777509287147375,
        "roc_auc": 0.8362411611111111
    },
    "5": {
        "loss": 1.5917404010772704,
        "cen_accuracy": 0.4172,
        "kappa": 0.35244444444444434,
        "f1": 0.41057375081973496,
        "roc_auc": 0.8506849444444444
    },
    "6": {
        "loss": 1.5355860488891602,
        "cen_accuracy": 0.4394,
        "kappa": 0.37711111111111106,
        "f1": 0.43362289662512,
        "roc_auc": 0.86081275
    },
    "7": {
        "loss": 1.5148466512680054,
        "cen_accuracy": 0.4462,
        "kappa": 0.38466666666666693,
        "f1": 0.4452073315410755,
        "roc_auc": 0.86522705
    },
    "8": {
        "loss": 1.4803112594604493,
        "cen_accuracy": 0.4632,
        "kappa": 0.40355555555555556,
        "f1": 0.4614173763338661,
        "roc_auc": 0.8705711333333334
    },
    "9": {
        "loss": 1.4657827098846437,
        "cen_accuracy": 0.4646,
        "kappa": 0.405111111111111,
        "f1": 0.4598447026568526,
        "roc_auc": 0.8744724111111111
    },
    "10": {
        "loss": 1.4438071001052857,
        "cen_accuracy": 0.4739,
        "kappa": 0.4154444444444444,
        "f1": 0.4686021677824191,
        "roc_auc": 0.8778202055555555
    },
    "11": {
        "loss": 1.4215494699478148,
        "cen_accuracy": 0.4866,
        "kappa": 0.42955555555555547,
        "f1": 0.48331985975619435,
        "roc_auc": 0.8799031055555556
    },
    "12": {
        "loss": 1.398984945678711,
        "cen_accuracy": 0.4915,
        "kappa": 0.43500000000000005,
        "f1": 0.486028385856904,
        "roc_auc": 0.8838357555555556
    },
    "13": {
        "loss": 1.3916564695358276,
        "cen_accuracy": 0.4958,
        "kappa": 0.4397777777777778,
        "f1": 0.4898590183354291,
        "roc_auc": 0.8852517888888889
    },
    "14": {
        "loss": 1.395297343826294,
        "cen_accuracy": 0.4936,
        "kappa": 0.43733333333333335,
        "f1": 0.4868452499387005,
        "roc_auc": 0.8854325555555554
    },
    "15": {
        "loss": 1.366464090538025,
        "cen_accuracy": 0.5071,
        "kappa": 0.45233333333333337,
        "f1": 0.5028961244556414,
        "roc_auc": 0.8889146277777777
    },
    "16": {
        "loss": 1.3660403690338134,
        "cen_accuracy": 0.5077,
        "kappa": 0.45299999999999985,
        "f1": 0.5050847246290859,
        "roc_auc": 0.8888820666666668
    },
    "17": {
        "loss": 1.361162991142273,
        "cen_accuracy": 0.5137,
        "kappa": 0.4596666666666668,
        "f1": 0.5074160367080676,
        "roc_auc": 0.8904075444444445
    },
    "18": {
        "loss": 1.3519901119232178,
        "cen_accuracy": 0.5185,
        "kappa": 0.4650000000000001,
        "f1": 0.5134536825075622,
        "roc_auc": 0.8911829277777776
    },
    "19": {
        "loss": 1.334137215423584,
        "cen_accuracy": 0.5241,
        "kappa": 0.4712222222222222,
        "f1": 0.5193751002737739,
        "roc_auc": 0.8936794611111111
    },
    "20": {
        "loss": 1.32676769695282,
        "cen_accuracy": 0.5247,
        "kappa": 0.471888888888889,
        "f1": 0.5192731042864037,
        "roc_auc": 0.8947340222222222
    },
    "21": {
        "loss": 1.3330451110839843,
        "cen_accuracy": 0.5301,
        "kappa": 0.47788888888888914,
        "f1": 0.5289206059864776,
        "roc_auc": 0.8940991722222222
    },
    "22": {
        "loss": 1.3285901628494263,
        "cen_accuracy": 0.5261,
        "kappa": 0.47344444444444456,
        "f1": 0.5245705885667251,
        "roc_auc": 0.8943481944444442
    },
    "23": {
        "loss": 1.3242424768447876,
        "cen_accuracy": 0.528,
        "kappa": 0.4755555555555555,
        "f1": 0.5227214392454855,
        "roc_auc": 0.8956669222222222
    },
    "24": {
        "loss": 1.3178175813674926,
        "cen_accuracy": 0.5316,
        "kappa": 0.4795555555555555,
        "f1": 0.5267335949430493,
        "roc_auc": 0.895854977777778
    },
    "25": {
        "loss": 1.3105496683120728,
        "cen_accuracy": 0.5307,
        "kappa": 0.4785555555555554,
        "f1": 0.5233720205855914,
        "roc_auc": 0.8970850777777777
    },
    "26": {
        "loss": 1.3240091806411742,
        "cen_accuracy": 0.5272,
        "kappa": 0.4746666666666667,
        "f1": 0.5225448767163914,
        "roc_auc": 0.8965751722222223
    },
    "27": {
        "loss": 1.3036280096054078,
        "cen_accuracy": 0.5351,
        "kappa": 0.48344444444444457,
        "f1": 0.5317079569772885,
        "roc_auc": 0.8982481555555555
    },
    "28": {
        "loss": 1.304003173828125,
        "cen_accuracy": 0.5355,
        "kappa": 0.4838888888888888,
        "f1": 0.5306407143703218,
        "roc_auc": 0.8982121777777777
    },
    "29": {
        "loss": 1.3234789686203003,
        "cen_accuracy": 0.5321,
        "kappa": 0.48011111111111116,
        "f1": 0.5295106951037087,
        "roc_auc": 0.8958003222222223
    },
    "30": {
        "loss": 1.3111520944595336,
        "cen_accuracy": 0.5343,
        "kappa": 0.4825555555555553,
        "f1": 0.5298682363406458,
        "roc_auc": 0.8976914833333334
    },
    "31": {
        "loss": 1.3079193002700806,
        "cen_accuracy": 0.5345,
        "kappa": 0.48277777777777764,
        "f1": 0.5303723298084666,
        "roc_auc": 0.8979936166666667
    },
    "32": {
        "loss": 1.3071028234481812,
        "cen_accuracy": 0.5384,
        "kappa": 0.48711111111111105,
        "f1": 0.5334986584375554,
        "roc_auc": 0.8983550222222222
    },
    "33": {
        "loss": 1.3035532789230346,
        "cen_accuracy": 0.5397,
        "kappa": 0.48855555555555574,
        "f1": 0.5368676730618505,
        "roc_auc": 0.8983983
    },
    "34": {
        "loss": 1.29455912399292,
        "cen_accuracy": 0.5442,
        "kappa": 0.49355555555555564,
        "f1": 0.5401403386564019,
        "roc_auc": 0.8998671500000001
    },
    "35": {
        "loss": 1.3054890588760375,
        "cen_accuracy": 0.5431,
        "kappa": 0.4923333333333334,
        "f1": 0.5407346540199791,
        "roc_auc": 0.8981622833333333
    },
    "36": {
        "loss": 1.3052568939208984,
        "cen_accuracy": 0.5418,
        "kappa": 0.49088888888888904,
        "f1": 0.539617795217683,
        "roc_auc": 0.8982351611111111
    },
    "37": {
        "loss": 1.3153143630981445,
        "cen_accuracy": 0.5397,
        "kappa": 0.4885555555555553,
        "f1": 0.5351821685117863,
        "roc_auc": 0.8965856222222222
    },
    "38": {
        "loss": 1.2943396183013915,
        "cen_accuracy": 0.5409,
        "kappa": 0.4898888888888888,
        "f1": 0.5378551803709041,
        "roc_auc": 0.8992274833333331
    },
    "39": {
        "loss": 1.2969349912643433,
        "cen_accuracy": 0.5497,
        "kappa": 0.4996666666666667,
        "f1": 0.5448493773225545,
        "roc_auc": 0.8990444777777776
    },
    "40": {
        "loss": 1.306986626625061,
        "cen_accuracy": 0.5458,
        "kappa": 0.4953333333333332,
        "f1": 0.545385277560668,
        "roc_auc": 0.898487611111111
    },