{
    "0": {
        "loss": 2.304954368209839,
        "cen_accuracy": 0.1026,
        "kappa": 0.002888888888888941,
        "f1": 0.03135361629993586,
        "roc_auc": 0.4808550222222222
    },
    "1": {
        "loss": 2.303317797470093,
        "cen_accuracy": 0.1,
        "kappa": 0.0,
        "f1": 0.01818181818181818,
        "roc_auc": 0.49987777777777787
    },
    "2": {
        "loss": 2.304059489440918,
        "cen_accuracy": 0.1,
        "kappa": 0.0,
        "f1": 0.01818181818181818,
        "roc_auc": 0.5425793166666667
    },
    "3": {
        "loss": 1.9236363817214965,
        "cen_accuracy": 0.2592,
        "kappa": 0.17688888888888854,
        "f1": 0.19788198751716257,
        "roc_auc": 0.7714147611111113
    },
    "4": {
        "loss": 1.7256472206115723,
        "cen_accuracy": 0.3559,
        "kappa": 0.28433333333333344,
        "f1": 0.33597787890038733,
        "roc_auc": 0.8169651666666666
    },
    "5": {
        "loss": 1.6701716594696046,
        "cen_accuracy": 0.3751,
        "kappa": 0.30566666666666675,
        "f1": 0.3547503624146072,
        "roc_auc": 0.8283933555555555
    },
    "6": {
        "loss": 1.6254152366638184,
        "cen_accuracy": 0.3881,
        "kappa": 0.3201111111111111,
        "f1": 0.3681098390730413,
        "roc_auc": 0.8386132666666667
    },
    "7": {
        "loss": 1.5907022136688231,
        "cen_accuracy": 0.4098,
        "kappa": 0.3442222222222222,
        "f1": 0.3980672038040042,
        "roc_auc": 0.8454281611111112
    },
    "8": {
        "loss": 1.574036251449585,
        "cen_accuracy": 0.4132,
        "kappa": 0.3480000000000001,
        "f1": 0.4026872612838862,
        "roc_auc": 0.8479895888888889
    },
    "9": {
        "loss": 1.5665049047470092,
        "cen_accuracy": 0.4224,
        "kappa": 0.358222222222222,
        "f1": 0.4093356650083838,
        "roc_auc": 0.8513250388888889
    },
    "10": {
        "loss": 1.555967073059082,
        "cen_accuracy": 0.4189,
        "kappa": 0.3543333333333336,
        "f1": 0.4020321271239883,
        "roc_auc": 0.8537614555555555
    },
    "11": {
        "loss": 1.5468009532928466,
        "cen_accuracy": 0.4289,
        "kappa": 0.36544444444444424,
        "f1": 0.41830191618472046,
        "roc_auc": 0.8540473944444444
    },
    "12": {
        "loss": 1.541227246284485,
        "cen_accuracy": 0.4258,
        "kappa": 0.3620000000000001,
        "f1": 0.4122849189209091,
        "roc_auc": 0.8553203166666666
    },
    "13": {
        "loss": 1.5289161270141602,
        "cen_accuracy": 0.4318,
        "kappa": 0.3686666666666668,
        "f1": 0.41900470247738075,
        "roc_auc": 0.8573773555555555
    },
    "14": {
        "loss": 1.5366885513305664,
        "cen_accuracy": 0.4313,
        "kappa": 0.3681111111111113,
        "f1": 0.41909897991342826,
        "roc_auc": 0.8566606333333333
    },
    "15": {
        "loss": 1.5341989528656006,
        "cen_accuracy": 0.4313,
        "kappa": 0.36811111111111106,
        "f1": 0.42002137484311186,
        "roc_auc": 0.8564153000000001
    },
    "16": {
        "loss": 1.5155666831970216,
        "cen_accuracy": 0.4359,
        "kappa": 0.37322222222222223,
        "f1": 0.42617044973973284,
        "roc_auc": 0.8595547666666666
    },
    "17": {
        "loss": 1.526604764175415,
        "cen_accuracy": 0.4377,
        "kappa": 0.37522222222222235,
        "f1": 0.42715293331789417,
        "roc_auc": 0.8588717166666667
    },
    "18": {
        "loss": 1.530855388069153,
        "cen_accuracy": 0.4347,
        "kappa": 0.3718888888888886,
        "f1": 0.4209145079991887,
        "roc_auc": 0.8582157277777778
    },
    "19": {
        "loss": 1.5202624897003174,
        "cen_accuracy": 0.4373,
        "kappa": 0.37477777777777777,
        "f1": 0.4283818872654145,
        "roc_auc": 0.8591638999999999
    },
    "20": {
        "loss": 1.5119657796859742,
        "cen_accuracy": 0.4393,
        "kappa": 0.3769999999999999,
        "f1": 0.42955459186193073,
        "roc_auc": 0.860940861111111
    },
    "21": {
        "loss": 1.507104416847229,
        "cen_accuracy": 0.4448,
        "kappa": 0.38311111111111107,
        "f1": 0.43757603797194733,
        "roc_auc": 0.8616288888888889
    },
    "22": {
        "loss": 1.5135278739929199,
        "cen_accuracy": 0.4363,
        "kappa": 0.3736666666666669,
        "f1": 0.42357118693343987,
        "roc_auc": 0.8608899833333334
    },
    "23": {
        "loss": 1.5044750886917113,
        "cen_accuracy": 0.4413,
        "kappa": 0.37922222222222224,
        "f1": 0.4296137067773901,
        "roc_auc": 0.8618943444444443
    },
    "24": {
        "loss": 1.511937145614624,
        "cen_accuracy": 0.4413,
        "kappa": 0.37922222222222224,
        "f1": 0.43335375410696103,
        "roc_auc": 0.8611343666666667
    },
    "25": {
        "loss": 1.5028719772338868,
        "cen_accuracy": 0.4399,
        "kappa": 0.3776666666666666,
        "f1": 0.4263807488089483,
        "roc_auc": 0.8627791388888889
    },
    "26": {
        "loss": 1.511675739479065,
        "cen_accuracy": 0.4386,
        "kappa": 0.37622222222222235,
        "f1": 0.4232915164142922,
        "roc_auc": 0.8602735166666667
    },
    "27": {
        "loss": 1.5043315830230712,
        "cen_accuracy": 0.4426,
        "kappa": 0.3806666666666667,
        "f1": 0.4352951601365869,
        "roc_auc": 0.8623926222222222
    },
    "28": {
        "loss": 1.508070341873169,
        "cen_accuracy": 0.4434,
        "kappa": 0.38155555555555565,
        "f1": 0.432591150911929,
        "roc_auc": 0.8618884444444446
    },
    "29": {
        "loss": 1.502816940498352,
        "cen_accuracy": 0.4424,
        "kappa": 0.3804444444444446,
        "f1": 0.4295670907805942,
        "roc_auc": 0.8620109777777778
    },
    "30": {
        "loss": 1.4964166549682618,
        "cen_accuracy": 0.4483,
        "kappa": 0.387,
        "f1": 0.4402567627056775,
        "roc_auc": 0.8632037111111112
    },
    "31": {
        "loss": 1.4910386575698853,
        "cen_accuracy": 0.4484,
        "kappa": 0.38711111111111096,
        "f1": 0.44090852383101903,
        "roc_auc": 0.8635641944444444
    },
    "32": {
        "loss": 1.4893949996948241,
        "cen_accuracy": 0.4502,
        "kappa": 0.3891111111111112,
        "f1": 0.4412546626698539,
        "roc_auc": 0.8638202111111111
    },
    "33": {
        "loss": 1.4912371912002564,
        "cen_accuracy": 0.4463,
        "kappa": 0.3847777777777779,
        "f1": 0.43929344153205285,
        "roc_auc": 0.8636771111111111
    },
    "34": {
        "loss": 1.4892615251541137,
        "cen_accuracy": 0.4473,
        "kappa": 0.38588888888888884,
        "f1": 0.43661778264394313,
        "roc_auc": 0.8646023555555555
    },
    "35": {
        "loss": 1.4986742172241212,
        "cen_accuracy": 0.4431,
        "kappa": 0.38122222222222213,
        "f1": 0.43277266992081326,
        "roc_auc": 0.8626535666666667
    },
    "36": {
        "loss": 1.5023517986297608,
        "cen_accuracy": 0.4446,
        "kappa": 0.38288888888888883,
        "f1": 0.43194494303214637,
        "roc_auc": 0.8619451222222223
    },
    "37": {
        "loss": 1.4858982246398926,
        "cen_accuracy": 0.452,
        "kappa": 0.39111111111111097,
        "f1": 0.4386838776995696,
        "roc_auc": 0.8655369722222221
    },
    "38": {
        "loss": 1.5025427734375,
        "cen_accuracy": 0.4462,
        "kappa": 0.3846666666666665,
        "f1": 0.4377655897719791,
        "roc_auc": 0.8630171055555556
    },
    "39": {
        "loss": 1.489139768409729,
        "cen_accuracy": 0.4531,
        "kappa": 0.3923333333333333,
        "f1": 0.44684282292276406,
        "roc_auc": 0.864570238888889
    },
    "40": {
        "loss": 1.4909674291610717,
        "cen_accuracy": 0.4492,
        "kappa": 0.3879999999999999,
        "f1": 0.4412535911994116,
        "roc_auc": 0.863892861111111
    },