{
    "0": {
        "loss": 2.3040472774505614,
        "cen_accuracy": 0.1,
        "kappa": 0.0,
        "f1": 0.01818181818181818,
        "roc_auc": 0.5179826111111111
    },
    "1": {
        "loss": 2.3046781162261962,
        "cen_accuracy": 0.1,
        "kappa": 0.0,
        "f1": 0.01818181818181818,
        "roc_auc": 0.5003781
    },
    "2": {
        "loss": 2.3033494911193846,
        "cen_accuracy": 0.1,
        "kappa": 0.0,
        "f1": 0.01818181818181818,
        "roc_auc": 0.5023522111111112
    },
    "3": {
        "loss": 2.3072991600036623,
        "cen_accuracy": 0.1,
        "kappa": 0.0,
        "f1": 0.01818181818181818,
        "roc_auc": 0.5658765166666666
    },
    "4": {
        "loss": 2.138809711456299,
        "cen_accuracy": 0.174,
        "kappa": 0.08222222222222264,
        "f1": 0.11947684754094193,
        "roc_auc": 0.7321456166666668
    },
    "5": {
        "loss": 2.0396342529296874,
        "cen_accuracy": 0.2833,
        "kappa": 0.20366666666666655,
        "f1": 0.24699469536641314,
        "roc_auc": 0.7811872833333334
    },
    "6": {
        "loss": 2.0364857879638674,
        "cen_accuracy": 0.2918,
        "kappa": 0.21311111111111125,
        "f1": 0.25603541652436085,
        "roc_auc": 0.7784660833333332
    },
    "7": {
        "loss": 2.008504616355896,
        "cen_accuracy": 0.3181,
        "kappa": 0.2423333333333335,
        "f1": 0.28108466937478344,
        "roc_auc": 0.8006920333333334
    },
    "8": {
        "loss": 1.9850829242706298,
        "cen_accuracy": 0.3183,
        "kappa": 0.2425555555555553,
        "f1": 0.28981828376643176,
        "roc_auc": 0.8091455555555556
    },
    "9": {
        "loss": 1.9785672346115113,
        "cen_accuracy": 0.3379,
        "kappa": 0.2643333333333331,
        "f1": 0.3240131703633874,
        "roc_auc": 0.8065306833333332
    },
    "10": {
        "loss": 1.9319848764419556,
        "cen_accuracy": 0.3606,
        "kappa": 0.28955555555555557,
        "f1": 0.35511737401118626,
        "roc_auc": 0.8214768666666667
    },
    "11": {
        "loss": 1.9707809766769409,
        "cen_accuracy": 0.3278,
        "kappa": 0.25311111111111095,
        "f1": 0.3241502936320454,
        "roc_auc": 0.8116750166666666
    },
    "12": {
        "loss": 1.9488243160247802,
        "cen_accuracy": 0.3677,
        "kappa": 0.2974444444444444,
        "f1": 0.35227774386115784,
        "roc_auc": 0.8101506166666669
    },
    "13": {
        "loss": 2.0070048189163208,
        "cen_accuracy": 0.3255,
        "kappa": 0.2505555555555554,
        "f1": 0.3252687412492626,
        "roc_auc": 0.8117886333333333
    },
    "14": {
        "loss": 1.9505376148223876,
        "cen_accuracy": 0.363,
        "kappa": 0.2922222222222225,
        "f1": 0.36754140747978015,
        "roc_auc": 0.8216841444444445
    },
    "15": {
        "loss": 1.934104560470581,
        "cen_accuracy": 0.3683,
        "kappa": 0.29811111111111144,
        "f1": 0.3687495154367284,
        "roc_auc": 0.8225773944444443
    },
    "16": {
        "loss": 2.023033637046814,
        "cen_accuracy": 0.3088,
        "kappa": 0.23199999999999987,
        "f1": 0.3210703040653072,
        "roc_auc": 0.8001520388888889
    },
    "17": {
        "loss": 1.9696452922821044,
        "cen_accuracy": 0.3504,
        "kappa": 0.27822222222222237,
        "f1": 0.3598276987578384,
        "roc_auc": 0.8183629777777778
    },
    "18": {
        "loss": 1.90914858417511,
        "cen_accuracy": 0.3768,
        "kappa": 0.30755555555555547,
        "f1": 0.37940835846877813,
        "roc_auc": 0.8274980777777777
    },
    "19": {
        "loss": 1.8725560274124144,
        "cen_accuracy": 0.3843,
        "kappa": 0.3158888888888889,
        "f1": 0.3698621845811877,
        "roc_auc": 0.8171802444444445
    },
    "20": {
        "loss": 1.9008577226638794,
        "cen_accuracy": 0.3728,
        "kappa": 0.3031111111111108,
        "f1": 0.3681361539658574,
        "roc_auc": 0.8147751166666666
    },
    "21": {
        "loss": 1.884972063446045,
        "cen_accuracy": 0.3945,
        "kappa": 0.3272222222222222,
        "f1": 0.39423089241465326,
        "roc_auc": 0.8321263833333333
    },
    "22": {
        "loss": 1.9653904893875123,
        "cen_accuracy": 0.3466,
        "kappa": 0.274,
        "f1": 0.3452030251370189,
        "roc_auc": 0.8114132111111111
    },
    "23": {
        "loss": 1.8738204055786132,
        "cen_accuracy": 0.3941,
        "kappa": 0.32677777777777794,
        "f1": 0.38631156350552043,
        "roc_auc": 0.8316424833333332
    },
    "24": {
        "loss": 1.8700406436920165,
        "cen_accuracy": 0.3782,
        "kappa": 0.3091111111111112,
        "f1": 0.37082556602294514,
        "roc_auc": 0.8289208666666668
    },
    "25": {
        "loss": 1.9116087867736817,
        "cen_accuracy": 0.3505,
        "kappa": 0.27833333333333343,
        "f1": 0.3524331841896515,
        "roc_auc": 0.8122059555555555
    },
    "26": {
        "loss": 1.938797350883484,
        "cen_accuracy": 0.3269,
        "kappa": 0.2521111111111113,
        "f1": 0.33224646620995124,
        "roc_auc": 0.8187300833333333
    },
    "27": {
        "loss": 1.9220180822372437,
        "cen_accuracy": 0.3328,
        "kappa": 0.2586666666666665,
        "f1": 0.32662383112276927,
        "roc_auc": 0.8147548444444446
    },
    "28": {
        "loss": 1.9465629888534546,
        "cen_accuracy": 0.3189,
        "kappa": 0.24322222222222212,
        "f1": 0.3182097642197525,
        "roc_auc": 0.8123024444444444
    },
    "29": {
        "loss": 1.9481508121490478,
        "cen_accuracy": 0.3113,
        "kappa": 0.23477777777777808,
        "f1": 0.2924235495659843,
        "roc_auc": 0.7984005055555555
    },
    "30": {
        "loss": 1.9424232320785522,
        "cen_accuracy": 0.3101,
        "kappa": 0.23344444444444445,
        "f1": 0.3157436127386283,
        "roc_auc": 0.8142081222222222
    },
    "31": {
        "loss": 2.0121352725982664,
        "cen_accuracy": 0.2565,
        "kappa": 0.17388888888888887,
        "f1": 0.24629042106414464,
        "roc_auc": 0.7956844277777778
    },
    "32": {
        "loss": 1.8909929634094238,
        "cen_accuracy": 0.3546,
        "kappa": 0.2828888888888891,
        "f1": 0.34916256219765474,
        "roc_auc": 0.8219905166666667
    },
    "33": {
        "loss": 1.9003132305145263,
        "cen_accuracy": 0.3207,
        "kappa": 0.24522222222222234,
        "f1": 0.31332084128032966,
        "roc_auc": 0.8181454055555555
    },
    "34": {
        "loss": 1.919675468826294,
        "cen_accuracy": 0.3295,
        "kappa": 0.2550000000000001,
        "f1": 0.31569947800551584,
        "roc_auc": 0.8023216333333332
    },
    "35": {
        "loss": 1.9406965614318847,
        "cen_accuracy": 0.3251,
        "kappa": 0.25011111111111095,
        "f1": 0.3064610517546646,
        "roc_auc": 0.800128688888889
    },
    "36": {
        "loss": 1.8573896883010865,
        "cen_accuracy": 0.3574,
        "kappa": 0.2859999999999998,
        "f1": 0.3528568221536791,
        "roc_auc": 0.8219880944444444
    },
    "37": {
        "loss": 1.9458565425872802,
        "cen_accuracy": 0.3116,
        "kappa": 0.23511111111111094,
        "f1": 0.3111091141753487,
        "roc_auc": 0.8130992555555556
    },
    "38": {
        "loss": 1.8179197755813599,
        "cen_accuracy": 0.386,
        "kappa": 0.3177777777777775,
        "f1": 0.3773207608178197,
        "roc_auc": 0.8321502611111111
    },
    "39": {
        "loss": 1.9141116634368895,
        "cen_accuracy": 0.3315,
        "kappa": 0.257222222222222,
        "f1": 0.3190279254047399,
        "roc_auc": 0.8151610333333335
    },
    "40": {
        "loss": 1.8483271793365479,
        "cen_accuracy": 0.3805,
        "kappa": 0.31166666666666665,
        "f1": 0.37100299458097596,
        "roc_auc": 0.8281516333333334
    },