{
    "0": {
        "loss": 2.3045866397857666,
        "cen_accuracy": 0.1,
        "kappa": 0.0,
        "f1": 0.01818181818181818,
        "roc_auc": 0.5372561000000001
    },
    "1": {
        "loss": 2.322905289840698,
        "cen_accuracy": 0.1,
        "kappa": 0.0,
        "f1": 0.01818181818181818,
        "roc_auc": 0.5167228166666666
    },
    "2": {
        "loss": 2.2885690811157224,
        "cen_accuracy": 0.103,
        "kappa": 0.0033333333333330772,
        "f1": 0.03413792526030486,
        "roc_auc": 0.6862568444444446
    },
    "3": {
        "loss": 1.8782692035675048,
        "cen_accuracy": 0.3005,
        "kappa": 0.22277777777777774,
        "f1": 0.2643884933809015,
        "roc_auc": 0.7949802222222222
    },
    "4": {
        "loss": 1.8257862306594848,
        "cen_accuracy": 0.3221,
        "kappa": 0.24677777777777765,
        "f1": 0.28612658413166075,
        "roc_auc": 0.812135388888889
    },
    "5": {
        "loss": 1.7437488330841064,
        "cen_accuracy": 0.3592,
        "kappa": 0.28800000000000014,
        "f1": 0.3504167001279045,
        "roc_auc": 0.8306931499999999
    },
    "6": {
        "loss": 1.6940220149993896,
        "cen_accuracy": 0.391,
        "kappa": 0.3233333333333336,
        "f1": 0.3787037384258791,
        "roc_auc": 0.841555511111111
    },
    "7": {
        "loss": 1.6679765382766725,
        "cen_accuracy": 0.3954,
        "kappa": 0.3282222222222222,
        "f1": 0.3943585876653966,
        "roc_auc": 0.8493143055555556
    },
    "8": {
        "loss": 1.6647050731658934,
        "cen_accuracy": 0.401,
        "kappa": 0.33444444444444443,
        "f1": 0.40296474492214757,
        "roc_auc": 0.8496590888888889
    },
    "9": {
        "loss": 1.691850668144226,
        "cen_accuracy": 0.3911,
        "kappa": 0.3234444444444444,
        "f1": 0.39158442456193854,
        "roc_auc": 0.8461910777777778
    },
    "10": {
        "loss": 1.6177178413391113,
        "cen_accuracy": 0.4316,
        "kappa": 0.36844444444444446,
        "f1": 0.42925710052747756,
        "roc_auc": 0.860408961111111
    },
    "11": {
        "loss": 1.6182408349990844,
        "cen_accuracy": 0.4292,
        "kappa": 0.36577777777777765,
        "f1": 0.431397627569885,
        "roc_auc": 0.8602344444444444
    },
    "12": {
        "loss": 1.6069147882461547,
        "cen_accuracy": 0.4325,
        "kappa": 0.36944444444444446,
        "f1": 0.4294034126207957,
        "roc_auc": 0.8605233555555556
    },
    "13": {
        "loss": 1.6060411670684815,
        "cen_accuracy": 0.4344,
        "kappa": 0.3715555555555553,
        "f1": 0.4336693285138139,
        "roc_auc": 0.860952138888889
    },
    "14": {
        "loss": 1.589277040863037,
        "cen_accuracy": 0.4365,
        "kappa": 0.37388888888888905,
        "f1": 0.43666521646389533,
        "roc_auc": 0.8620852722222223
    },
    "15": {
        "loss": 1.563692505455017,
        "cen_accuracy": 0.4447,
        "kappa": 0.383,
        "f1": 0.44725930262026325,
        "roc_auc": 0.8685718277777779
    },
    "16": {
        "loss": 1.6073623649597168,
        "cen_accuracy": 0.4417,
        "kappa": 0.3796666666666668,
        "f1": 0.4403494240612303,
        "roc_auc": 0.8619987611111111
    },
    "17": {
        "loss": 1.5549025592803956,
        "cen_accuracy": 0.4545,
        "kappa": 0.3938888888888892,
        "f1": 0.4584891774542858,
        "roc_auc": 0.8697829111111111
    },
    "18": {
        "loss": 1.646507744216919,
        "cen_accuracy": 0.4076,
        "kappa": 0.34177777777777796,
        "f1": 0.41038628996197746,
        "roc_auc": 0.8525691055555555
    },
    "19": {
        "loss": 1.5773045490264892,
        "cen_accuracy": 0.4429,
        "kappa": 0.3809999999999999,
        "f1": 0.4445861738884379,
        "roc_auc": 0.8658444833333334
    },
    "20": {
        "loss": 1.637152219772339,
        "cen_accuracy": 0.4072,
        "kappa": 0.3413333333333334,
        "f1": 0.41196969622219076,
        "roc_auc": 0.8537637
    },
    "21": {
        "loss": 1.605074282836914,
        "cen_accuracy": 0.4235,
        "kappa": 0.35944444444444446,
        "f1": 0.42945236503252077,
        "roc_auc": 0.8630628277777778
    },
    "22": {
        "loss": 1.576803343772888,
        "cen_accuracy": 0.458,
        "kappa": 0.3977777777777778,
        "f1": 0.4595857526464403,
        "roc_auc": 0.8670545111111112
    },
    "23": {
        "loss": 1.56056358127594,
        "cen_accuracy": 0.4455,
        "kappa": 0.3838888888888887,
        "f1": 0.45270555245524047,
        "roc_auc": 0.86701085
    },
    "24": {
        "loss": 1.5636556650161744,
        "cen_accuracy": 0.4409,
        "kappa": 0.37877777777777777,
        "f1": 0.4480906403282659,
        "roc_auc": 0.8685018333333334
    },
    "25": {
        "loss": 1.5335704973220825,
        "cen_accuracy": 0.4689,
        "kappa": 0.40988888888888897,
        "f1": 0.4691065043742898,
        "roc_auc": 0.8729729833333332
    },
    "26": {
        "loss": 1.5212811838150024,
        "cen_accuracy": 0.4691,
        "kappa": 0.4101111111111111,
        "f1": 0.47495886241532864,
        "roc_auc": 0.8743465666666665
    },
    "27": {
        "loss": 1.6215453620910645,
        "cen_accuracy": 0.4291,
        "kappa": 0.3656666666666668,
        "f1": 0.4391454861684526,
        "roc_auc": 0.8585522722222223
    },
    "28": {
        "loss": 1.5454224597930908,
        "cen_accuracy": 0.4623,
        "kappa": 0.40255555555555544,
        "f1": 0.46809983172327063,
        "roc_auc": 0.8717607
    },
    "29": {
        "loss": 1.597747152709961,
        "cen_accuracy": 0.436,
        "kappa": 0.3733333333333333,
        "f1": 0.4430203100595289,
        "roc_auc": 0.8627306166666667
    },
    "30": {
        "loss": 1.552458247947693,
        "cen_accuracy": 0.4478,
        "kappa": 0.3864444444444445,
        "f1": 0.4528295815466474,
        "roc_auc": 0.8684401333333334
    },
    "31": {
        "loss": 1.518947386741638,
        "cen_accuracy": 0.4665,
        "kappa": 0.4072222222222224,
        "f1": 0.4755421576354106,
        "roc_auc": 0.8750860611111111
    },
    "32": {
        "loss": 1.59720266456604,
        "cen_accuracy": 0.4303,
        "kappa": 0.3670000000000001,
        "f1": 0.4402314935627212,
        "roc_auc": 0.8618370500000001
    },
    "33": {
        "loss": 1.496614754486084,
        "cen_accuracy": 0.4778,
        "kappa": 0.4197777777777779,
        "f1": 0.4846420876613693,
        "roc_auc": 0.8780742388888889
    },
    "34": {
        "loss": 1.5857705997467042,
        "cen_accuracy": 0.4435,
        "kappa": 0.3816666666666668,
        "f1": 0.45432064533110006,
        "roc_auc": 0.8642249388888888
    },
    "35": {
        "loss": 1.563694875907898,
        "cen_accuracy": 0.4452,
        "kappa": 0.38355555555555554,
        "f1": 0.4520974171809642,
        "roc_auc": 0.8673218555555555
    },
    "36": {
        "loss": 1.490973632621765,
        "cen_accuracy": 0.4785,
        "kappa": 0.42055555555555535,
        "f1": 0.48334254431209034,
        "roc_auc": 0.8770678999999999
    },
    "37": {
        "loss": 1.5549210931777955,
        "cen_accuracy": 0.4562,
        "kappa": 0.3957777777777778,
        "f1": 0.4643722049889156,
        "roc_auc": 0.8669009166666667
    },
    "38": {
        "loss": 1.5066184560775757,
        "cen_accuracy": 0.4717,
        "kappa": 0.41300000000000003,
        "f1": 0.4748748355769741,
        "roc_auc": 0.87228835
    },
    "39": {
        "loss": 1.5598778816223144,
        "cen_accuracy": 0.4521,
        "kappa": 0.39122222222222247,
        "f1": 0.45765324809617847,
        "roc_auc": 0.8663605944444445
    },
    "40": {
        "loss": 1.542441007423401,
        "cen_accuracy": 0.4625,
        "kappa": 0.4027777777777777,
        "f1": 0.4681728241840141,
        "roc_auc": 0.8708440444444445
    },