{
    "0": {
        "loss": 2.305628089141846,
        "cen_accuracy": 0.1,
        "kappa": 0.0,
        "f1": 0.018201674554058973,
        "roc_auc": 0.4435855222222222
    },
    "1": {
        "loss": 2.291767879104614,
        "cen_accuracy": 0.1,
        "kappa": 0.0,
        "f1": 0.01818512456810329,
        "roc_auc": 0.6693610777777778
    },
    "2": {
        "loss": 2.094631423187256,
        "cen_accuracy": 0.2011,
        "kappa": 0.11233333333333317,
        "f1": 0.12671083954485382,
        "roc_auc": 0.7340540222222223
    },
    "3": {
        "loss": 1.8758171367645264,
        "cen_accuracy": 0.3501,
        "kappa": 0.27788888888888874,
        "f1": 0.3295717899862223,
        "roc_auc": 0.81885975
    },
    "4": {
        "loss": 1.7732639135360717,
        "cen_accuracy": 0.3829,
        "kappa": 0.314333333333333,
        "f1": 0.36602732540800276,
        "roc_auc": 0.8373487111111112
    },
    "5": {
        "loss": 1.712922963142395,
        "cen_accuracy": 0.405,
        "kappa": 0.3388888888888888,
        "f1": 0.38654621923306637,
        "roc_auc": 0.8510558333333333
    },
    "6": {
        "loss": 1.6781129541397095,
        "cen_accuracy": 0.4234,
        "kappa": 0.3593333333333333,
        "f1": 0.4177207084371446,
        "roc_auc": 0.8564812277777778
    },
    "7": {
        "loss": 1.6094914096832276,
        "cen_accuracy": 0.4418,
        "kappa": 0.37977777777777766,
        "f1": 0.4347508838526057,
        "roc_auc": 0.8624094111111111
    },
    "8": {
        "loss": 1.6427007177352906,
        "cen_accuracy": 0.4297,
        "kappa": 0.3663333333333335,
        "f1": 0.4281144588094298,
        "roc_auc": 0.8584786833333334
    },
    "9": {
        "loss": 1.6513172996520995,
        "cen_accuracy": 0.4245,
        "kappa": 0.3605555555555553,
        "f1": 0.414290037810635,
        "roc_auc": 0.8567842111111112
    },
    "10": {
        "loss": 1.6492747547149658,
        "cen_accuracy": 0.4305,
        "kappa": 0.3672222222222221,
        "f1": 0.42498463289628174,
        "roc_auc": 0.8551900888888888
    },
    "11": {
        "loss": 1.5912252477645874,
        "cen_accuracy": 0.4465,
        "kappa": 0.385,
        "f1": 0.43739536566487514,
        "roc_auc": 0.8659016333333334
    },
    "12": {
        "loss": 1.6335133201599121,
        "cen_accuracy": 0.4295,
        "kappa": 0.36611111111111116,
        "f1": 0.41757268462345387,
        "roc_auc": 0.8595500333333334
    },
    "13": {
        "loss": 1.5772565185546874,
        "cen_accuracy": 0.4537,
        "kappa": 0.393,
        "f1": 0.45646120424953046,
        "roc_auc": 0.8660271555555555
    },
    "14": {
        "loss": 1.6128876554489135,
        "cen_accuracy": 0.4381,
        "kappa": 0.3756666666666668,
        "f1": 0.42877024621354154,
        "roc_auc": 0.8636132111111111
    },
    "15": {
        "loss": 1.584789439201355,
        "cen_accuracy": 0.4478,
        "kappa": 0.3864444444444446,
        "f1": 0.43728295619357144,
        "roc_auc": 0.8665745888888889
    },
    "16": {
        "loss": 1.5702691827774047,
        "cen_accuracy": 0.4414,
        "kappa": 0.3793333333333334,
        "f1": 0.4377210024996595,
        "roc_auc": 0.8653765944444445
    },
    "17": {
        "loss": 1.5911282970428466,
        "cen_accuracy": 0.4496,
        "kappa": 0.38844444444444437,
        "f1": 0.44432180141725147,
        "roc_auc": 0.865297761111111
    },
    "18": {
        "loss": 1.5788004962921143,
        "cen_accuracy": 0.4554,
        "kappa": 0.39488888888888884,
        "f1": 0.455432618664827,
        "roc_auc": 0.8685817277777778
    },
    "19": {
        "loss": 1.509956121826172,
        "cen_accuracy": 0.4833,
        "kappa": 0.425888888888889,
        "f1": 0.481186707917177,
        "roc_auc": 0.8769175277777779
    },
    "20": {
        "loss": 1.5271046237945556,
        "cen_accuracy": 0.4748,
        "kappa": 0.4164444444444444,
        "f1": 0.4684324633345832,
        "roc_auc": 0.8749829222222221
    },
    "21": {
        "loss": 1.5462266839981078,
        "cen_accuracy": 0.4718,
        "kappa": 0.4131111111111112,
        "f1": 0.4686575105686517,
        "roc_auc": 0.8699106777777779
    },
    "22": {
        "loss": 1.5580691455841065,
        "cen_accuracy": 0.4601,
        "kappa": 0.4001111111111112,
        "f1": 0.45656276912084814,
        "roc_auc": 0.8685570944444443
    },
    "23": {
        "loss": 1.5804745559692384,
        "cen_accuracy": 0.4412,
        "kappa": 0.3791111111111113,
        "f1": 0.42759207504990304,
        "roc_auc": 0.8666595555555556
    },
    "24": {
        "loss": 1.5771058233261108,
        "cen_accuracy": 0.4449,
        "kappa": 0.38322222222222246,
        "f1": 0.4317853517148766,
        "roc_auc": 0.8667853833333332
    },
    "25": {
        "loss": 1.57309282913208,
        "cen_accuracy": 0.4488,
        "kappa": 0.3875555555555553,
        "f1": 0.43509351674579333,
        "roc_auc": 0.8667390611111111
    },
    "26": {
        "loss": 1.515072509765625,
        "cen_accuracy": 0.4875,
        "kappa": 0.4305555555555556,
        "f1": 0.4849132861897771,
        "roc_auc": 0.8773716444444444
    },
    "27": {
        "loss": 1.5267888189315797,
        "cen_accuracy": 0.4748,
        "kappa": 0.4164444444444446,
        "f1": 0.48061634219053156,
        "roc_auc": 0.8732648666666666
    },
    "28": {
        "loss": 1.5372950565338135,
        "cen_accuracy": 0.4746,
        "kappa": 0.41622222222222194,
        "f1": 0.4804953697692652,
        "roc_auc": 0.8733745833333334
    },
    "29": {
        "loss": 1.5463660402297974,
        "cen_accuracy": 0.4634,
        "kappa": 0.4037777777777778,
        "f1": 0.47123247536110824,
        "roc_auc": 0.8719742833333333
    },
    "30": {
        "loss": 1.5560955533981322,
        "cen_accuracy": 0.4735,
        "kappa": 0.41500000000000004,
        "f1": 0.4778060075544242,
        "roc_auc": 0.8707668611111112
    },
    "31": {
        "loss": 1.5034002283096313,
        "cen_accuracy": 0.4804,
        "kappa": 0.42266666666666675,
        "f1": 0.47360961002258045,
        "roc_auc": 0.8757975111111111
    },
    "32": {
        "loss": 1.512239483642578,
        "cen_accuracy": 0.4756,
        "kappa": 0.41733333333333333,
        "f1": 0.47863194084198624,
        "roc_auc": 0.8740781444444444
    },
    "33": {
        "loss": 1.4890430181503296,
        "cen_accuracy": 0.4788,
        "kappa": 0.420888888888889,
        "f1": 0.47970830397715203,
        "roc_auc": 0.8775104722222222
    },
    "34": {
        "loss": 1.5055461475372314,
        "cen_accuracy": 0.4836,
        "kappa": 0.42622222222222206,
        "f1": 0.479332901271599,
        "roc_auc": 0.8768225611111111
    },
    "35": {
        "loss": 1.509879479598999,
        "cen_accuracy": 0.4865,
        "kappa": 0.4294444444444443,
        "f1": 0.48109807514441155,
        "roc_auc": 0.8761332611111111
    },
    "36": {
        "loss": 1.547409472846985,
        "cen_accuracy": 0.4514,
        "kappa": 0.3904444444444445,
        "f1": 0.44118547813240977,
        "roc_auc": 0.8665022611111111
    },
    "37": {
        "loss": 1.5011899824142456,
        "cen_accuracy": 0.4915,
        "kappa": 0.4349999999999997,
        "f1": 0.4885365880333799,
        "roc_auc": 0.878176238888889
    },
    "38": {
        "loss": 1.5203010814666749,
        "cen_accuracy": 0.4845,
        "kappa": 0.4272222222222225,
        "f1": 0.4803142191000977,
        "roc_auc": 0.8724366
    },
    "39": {
        "loss": 1.521174273300171,
        "cen_accuracy": 0.4843,
        "kappa": 0.42700000000000005,
        "f1": 0.4841093476467392,
        "roc_auc": 0.8751701833333334
    },
    "40": {
        "loss": 1.4995383724212648,
        "cen_accuracy": 0.4922,
        "kappa": 0.4357777777777776,
        "f1": 0.48830119980638587,
        "roc_auc": 0.8763751166666667
    },