{
    "0": {
        "loss": 2.3021647106170655,
        "cen_accuracy": 0.1129,
        "kappa": 0.014333333333333531,
        "f1": 0.051651239383943205,
        "roc_auc": 0.5460346111111112
    },
    "1": {
        "loss": 2.3151474601745607,
        "cen_accuracy": 0.0999,
        "kappa": -0.00011111111111117289,
        "f1": 0.024593070376874242,
        "roc_auc": 0.5324953444444444
    },
    "2": {
        "loss": 2.285691954421997,
        "cen_accuracy": 0.1192,
        "kappa": 0.021333333333333315,
        "f1": 0.04163579096358201,
        "roc_auc": 0.6245927444444443
    },
    "3": {
        "loss": 1.7471846298217772,
        "cen_accuracy": 0.3579,
        "kappa": 0.2865555555555557,
        "f1": 0.3403220594925874,
        "roc_auc": 0.8172119999999999
    },
    "4": {
        "loss": 1.6283033973693848,
        "cen_accuracy": 0.3963,
        "kappa": 0.3292222222222222,
        "f1": 0.3790354062042641,
        "roc_auc": 0.8407650833333333
    },
    "5": {
        "loss": 1.5599806802749634,
        "cen_accuracy": 0.4248,
        "kappa": 0.3608888888888888,
        "f1": 0.40570949633273645,
        "roc_auc": 0.854752827777778
    },
    "6": {
        "loss": 1.5152271858215332,
        "cen_accuracy": 0.4407,
        "kappa": 0.37855555555555553,
        "f1": 0.42694616447198186,
        "roc_auc": 0.8636792666666666
    },
    "7": {
        "loss": 1.48137706489563,
        "cen_accuracy": 0.4528,
        "kappa": 0.3919999999999999,
        "f1": 0.4432064439456938,
        "roc_auc": 0.8685784388888889
    },
    "8": {
        "loss": 1.4629004829406738,
        "cen_accuracy": 0.4544,
        "kappa": 0.3937777777777778,
        "f1": 0.4444271266946608,
        "roc_auc": 0.8726287722222221
    },
    "9": {
        "loss": 1.4438078229904174,
        "cen_accuracy": 0.4673,
        "kappa": 0.4081111111111111,
        "f1": 0.46218421313161195,
        "roc_auc": 0.8752504833333333
    },
    "10": {
        "loss": 1.4456268842697144,
        "cen_accuracy": 0.4676,
        "kappa": 0.4084444444444445,
        "f1": 0.46165402839173975,
        "roc_auc": 0.8765945333333333
    },
    "11": {
        "loss": 1.43576380443573,
        "cen_accuracy": 0.4722,
        "kappa": 0.4135555555555557,
        "f1": 0.45892117238285995,
        "roc_auc": 0.8785444111111109
    },
    "12": {
        "loss": 1.411911464881897,
        "cen_accuracy": 0.4842,
        "kappa": 0.426888888888889,
        "f1": 0.47961118887716614,
        "roc_auc": 0.8808579277777777
    },
    "13": {
        "loss": 1.4083979122161865,
        "cen_accuracy": 0.486,
        "kappa": 0.42888888888888876,
        "f1": 0.4831470948961966,
        "roc_auc": 0.8815985277777779
    },
    "14": {
        "loss": 1.4045340696334838,
        "cen_accuracy": 0.4859,
        "kappa": 0.4287777777777779,
        "f1": 0.48152681787190826,
        "roc_auc": 0.8821505000000001
    },
    "15": {
        "loss": 1.3914568353652954,
        "cen_accuracy": 0.4934,
        "kappa": 0.43711111111111123,
        "f1": 0.4890827945504156,
        "roc_auc": 0.8845934333333332
    },
    "16": {
        "loss": 1.3838033256530762,
        "cen_accuracy": 0.4969,
        "kappa": 0.44099999999999995,
        "f1": 0.4947121395035996,
        "roc_auc": 0.8858251611111111
    },
    "17": {
        "loss": 1.3779011386871338,
        "cen_accuracy": 0.4981,
        "kappa": 0.44233333333333336,
        "f1": 0.49363624301823783,
        "roc_auc": 0.8862540333333333
    },
    "18": {
        "loss": 1.3762707445144653,
        "cen_accuracy": 0.4993,
        "kappa": 0.44366666666666665,
        "f1": 0.49432307313012275,
        "roc_auc": 0.8874183833333333
    },
    "19": {
        "loss": 1.3784038219451904,
        "cen_accuracy": 0.4979,
        "kappa": 0.44211111111111123,
        "f1": 0.4932813912416571,
        "roc_auc": 0.8864072499999999
    },
    "20": {
        "loss": 1.3764734922409059,
        "cen_accuracy": 0.5003,
        "kappa": 0.4447777777777778,
        "f1": 0.4946663334762932,
        "roc_auc": 0.8868248611111109
    },
    "21": {
        "loss": 1.3735386428833007,
        "cen_accuracy": 0.5017,
        "kappa": 0.44633333333333325,
        "f1": 0.4993857121758232,
        "roc_auc": 0.8876884666666667
    },
    "22": {
        "loss": 1.3676747291564941,
        "cen_accuracy": 0.5076,
        "kappa": 0.4528888888888889,
        "f1": 0.5030982395008546,
        "roc_auc": 0.888181938888889
    },
    "23": {
        "loss": 1.3642122722625731,
        "cen_accuracy": 0.5057,
        "kappa": 0.45077777777777783,
        "f1": 0.4993953292981053,
        "roc_auc": 0.8890676833333334
    },
    "24": {
        "loss": 1.362302997970581,
        "cen_accuracy": 0.5044,
        "kappa": 0.44933333333333314,
        "f1": 0.5007345032700543,
        "roc_auc": 0.8895964722222223
    },
    "25": {
        "loss": 1.3640474409103394,
        "cen_accuracy": 0.5067,
        "kappa": 0.4518888888888891,
        "f1": 0.49991377504129053,
        "roc_auc": 0.8884845333333333
    },
    "26": {
        "loss": 1.3557901971817017,
        "cen_accuracy": 0.5118,
        "kappa": 0.4575555555555556,
        "f1": 0.5103227782915146,
        "roc_auc": 0.890044838888889
    },
    "27": {
        "loss": 1.3552336561203002,
        "cen_accuracy": 0.51,
        "kappa": 0.4555555555555556,
        "f1": 0.5069462014531411,
        "roc_auc": 0.8904717666666666
    },
    "28": {
        "loss": 1.3552948699951173,
        "cen_accuracy": 0.5114,
        "kappa": 0.45711111111111125,
        "f1": 0.5067332292548998,
        "roc_auc": 0.8906489055555555
    },
    "29": {
        "loss": 1.3539398725509644,
        "cen_accuracy": 0.5108,
        "kappa": 0.45644444444444454,
        "f1": 0.5069416448637947,
        "roc_auc": 0.8910005444444444
    },
    "30": {
        "loss": 1.3454536085128783,
        "cen_accuracy": 0.5112,
        "kappa": 0.4568888888888889,
        "f1": 0.5057303780420146,
        "roc_auc": 0.8912840222222222
    },
    "31": {
        "loss": 1.3437112758636474,
        "cen_accuracy": 0.5185,
        "kappa": 0.46499999999999986,
        "f1": 0.5121990469577233,
        "roc_auc": 0.8922640055555556
    },
    "32": {
        "loss": 1.3597541803359985,
        "cen_accuracy": 0.5156,
        "kappa": 0.46177777777777773,
        "f1": 0.5126398436309374,
        "roc_auc": 0.89081795
    },
    "33": {
        "loss": 1.3487939821243287,
        "cen_accuracy": 0.5125,
        "kappa": 0.45833333333333326,
        "f1": 0.5086090729215026,
        "roc_auc": 0.8913499277777778
    },
    "34": {
        "loss": 1.3494867506027222,
        "cen_accuracy": 0.514,
        "kappa": 0.4600000000000001,
        "f1": 0.506500166797941,
        "roc_auc": 0.8913719444444445
    },
    "35": {
        "loss": 1.3376557161331177,
        "cen_accuracy": 0.5176,
        "kappa": 0.46399999999999997,
        "f1": 0.5116548771314423,
        "roc_auc": 0.8929818777777779
    },
    "36": {
        "loss": 1.337115905380249,
        "cen_accuracy": 0.5202,
        "kappa": 0.4668888888888889,
        "f1": 0.5168345312002014,
        "roc_auc": 0.892786011111111
    },
    "37": {
        "loss": 1.3325417448043824,
        "cen_accuracy": 0.5193,
        "kappa": 0.465888888888889,
        "f1": 0.5158292558925249,
        "roc_auc": 0.8937279111111109
    },
    "38": {
        "loss": 1.3474045904159546,
        "cen_accuracy": 0.511,
        "kappa": 0.45666666666666655,
        "f1": 0.5080321919209687,
        "roc_auc": 0.8912850999999999
    },
    "39": {
        "loss": 1.339222633934021,
        "cen_accuracy": 0.5177,
        "kappa": 0.46411111111111103,
        "f1": 0.5149240050452859,
        "roc_auc": 0.8930272555555556
    },
    "40": {
        "loss": 1.326854962348938,
        "cen_accuracy": 0.5241,
        "kappa": 0.47122222222222243,
        "f1": 0.5208209147936989,