{
    "0": {
        "loss": 2.3041367721557617,
        "cen_accuracy": 0.1009,
        "kappa": 0.0010000000000000009,
        "f1": 0.022242325513069768,
        "roc_auc": 0.5363174666666667
    },
    "1": {
        "loss": 2.3207382202148437,
        "cen_accuracy": 0.1,
        "kappa": 0.0,
        "f1": 0.01818181818181818,
        "roc_auc": 0.5068770277777778
    },
    "2": {
        "loss": 2.2305999057769776,
        "cen_accuracy": 0.118,
        "kappa": 0.02000000000000024,
        "f1": 0.039779202136912405,
        "roc_auc": 0.6921327277777778
    },
    "3": {
        "loss": 1.9599964057922363,
        "cen_accuracy": 0.2785,
        "kappa": 0.19833333333333336,
        "f1": 0.2257438580800696,
        "roc_auc": 0.7709564722222221
    },
    "4": {
        "loss": 1.8681743579864503,
        "cen_accuracy": 0.2942,
        "kappa": 0.21577777777777774,
        "f1": 0.2562371607677683,
        "roc_auc": 0.7929364722222222
    },
    "5": {
        "loss": 1.702508053779602,
        "cen_accuracy": 0.3822,
        "kappa": 0.31355555555555525,
        "f1": 0.36624041332466073,
        "roc_auc": 0.8351234722222222
    },
    "6": {
        "loss": 1.6618199308395385,
        "cen_accuracy": 0.4232,
        "kappa": 0.35911111111111116,
        "f1": 0.40847346099444665,
        "roc_auc": 0.8521984
    },
    "7": {
        "loss": 1.652313039970398,
        "cen_accuracy": 0.4186,
        "kappa": 0.35399999999999987,
        "f1": 0.40125172798642855,
        "roc_auc": 0.8529048888888889
    },
    "8": {
        "loss": 1.6068556615829468,
        "cen_accuracy": 0.4484,
        "kappa": 0.3871111111111112,
        "f1": 0.4356228841081161,
        "roc_auc": 0.8633951833333334
    },
    "9": {
        "loss": 1.612870289993286,
        "cen_accuracy": 0.445,
        "kappa": 0.3833333333333331,
        "f1": 0.43989536977148813,
        "roc_auc": 0.8607932833333333
    },
    "10": {
        "loss": 1.642747695350647,
        "cen_accuracy": 0.4311,
        "kappa": 0.36788888888888904,
        "f1": 0.42785873196219615,
        "roc_auc": 0.8535972666666666
    },
    "11": {
        "loss": 1.602445722770691,
        "cen_accuracy": 0.452,
        "kappa": 0.3911111111111111,
        "f1": 0.4526384563554361,
        "roc_auc": 0.8625400333333333
    },
    "12": {
        "loss": 1.6048222496032716,
        "cen_accuracy": 0.4441,
        "kappa": 0.3823333333333332,
        "f1": 0.4472784168176444,
        "roc_auc": 0.8621405111111111
    },
    "13": {
        "loss": 1.5886011716842652,
        "cen_accuracy": 0.455,
        "kappa": 0.3944444444444444,
        "f1": 0.4534892309313789,
        "roc_auc": 0.8640818722222223
    },
    "14": {
        "loss": 1.5549796138763428,
        "cen_accuracy": 0.4565,
        "kappa": 0.39611111111111086,
        "f1": 0.4537373519642182,
        "roc_auc": 0.8657599444444444
    },
    "15": {
        "loss": 1.5624912479400634,
        "cen_accuracy": 0.4638,
        "kappa": 0.40422222222222215,
        "f1": 0.45845630610460686,
        "roc_auc": 0.8666449722222221
    },
    "16": {
        "loss": 1.5220903038024902,
        "cen_accuracy": 0.4641,
        "kappa": 0.40455555555555556,
        "f1": 0.4600106218450118,
        "roc_auc": 0.8697469333333334
    },
    "17": {
        "loss": 1.5167349851608276,
        "cen_accuracy": 0.4758,
        "kappa": 0.4175555555555558,
        "f1": 0.47858414453346965,
        "roc_auc": 0.8759276333333335
    },
    "18": {
        "loss": 1.5209326755523682,
        "cen_accuracy": 0.4763,
        "kappa": 0.4181111111111111,
        "f1": 0.4747739011081629,
        "roc_auc": 0.8746097111111112
    },
    "19": {
        "loss": 1.5461835388183593,
        "cen_accuracy": 0.4556,
        "kappa": 0.3951111111111112,
        "f1": 0.45687108704271706,
        "roc_auc": 0.8676474277777778
    },
    "20": {
        "loss": 1.5374999095916748,
        "cen_accuracy": 0.4674,
        "kappa": 0.40822222222222226,
        "f1": 0.46267833743670705,
        "roc_auc": 0.8708886555555557
    },
    "21": {
        "loss": 1.5907061355590821,
        "cen_accuracy": 0.4368,
        "kappa": 0.374222222222222,
        "f1": 0.4314364742328,
        "roc_auc": 0.8614578999999999
    },
    "22": {
        "loss": 1.5942608676910401,
        "cen_accuracy": 0.4337,
        "kappa": 0.37077777777777776,
        "f1": 0.4368437420194562,
        "roc_auc": 0.8545494777777778
    },
    "23": {
        "loss": 1.5415180349349975,
        "cen_accuracy": 0.4634,
        "kappa": 0.403777777777778,
        "f1": 0.46945166125887966,
        "roc_auc": 0.8713090222222222
    },
    "24": {
        "loss": 1.5009920043945313,
        "cen_accuracy": 0.4689,
        "kappa": 0.40988888888888875,
        "f1": 0.4702226933878621,
        "roc_auc": 0.8771742722222221
    },
    "25": {
        "loss": 1.4921278337478638,
        "cen_accuracy": 0.4749,
        "kappa": 0.4165555555555558,
        "f1": 0.46948750337792655,
        "roc_auc": 0.8759078777777777
    },
    "26": {
        "loss": 1.4887585279464721,
        "cen_accuracy": 0.4734,
        "kappa": 0.414888888888889,
        "f1": 0.4712999845427447,
        "roc_auc": 0.8767042
    },
    "27": {
        "loss": 1.5032565830230713,
        "cen_accuracy": 0.4673,
        "kappa": 0.4081111111111111,
        "f1": 0.46632358730691104,
        "roc_auc": 0.8728935111111111
    },
    "28": {
        "loss": 1.558456234741211,
        "cen_accuracy": 0.4483,
        "kappa": 0.38700000000000023,
        "f1": 0.4470143105372383,
        "roc_auc": 0.8630898
    },
    "29": {
        "loss": 1.5447221675872802,
        "cen_accuracy": 0.4521,
        "kappa": 0.39122222222222236,
        "f1": 0.45624386343017537,
        "roc_auc": 0.8635390111111111
    },
    "30": {
        "loss": 1.4569334102630616,
        "cen_accuracy": 0.4928,
        "kappa": 0.4364444444444444,
        "f1": 0.4927686490917698,
        "roc_auc": 0.88181995
    },
    "31": {
        "loss": 1.5379895357131959,
        "cen_accuracy": 0.4656,
        "kappa": 0.4062222222222225,
        "f1": 0.46697849744949044,
        "roc_auc": 0.8690074722222223
    },
    "32": {
        "loss": 1.4666235710144042,
        "cen_accuracy": 0.4959,
        "kappa": 0.4398888888888888,
        "f1": 0.49246192301138325,
        "roc_auc": 0.8807673722222221
    },
    "33": {
        "loss": 1.582355386543274,
        "cen_accuracy": 0.4415,
        "kappa": 0.3794444444444445,
        "f1": 0.43452986374332114,
        "roc_auc": 0.8616812944444444
    },
    "34": {
        "loss": 1.535865563583374,
        "cen_accuracy": 0.4476,
        "kappa": 0.38622222222222224,
        "f1": 0.43858326636165135,
        "roc_auc": 0.8666120666666666
    },
    "35": {
        "loss": 1.4886048892974852,
        "cen_accuracy": 0.4774,
        "kappa": 0.4193333333333331,
        "f1": 0.46879558930017645,
        "roc_auc": 0.8773578166666667
    },
    "36": {
        "loss": 1.525079235458374,
        "cen_accuracy": 0.462,
        "kappa": 0.40222222222222237,
        "f1": 0.44719502001926825,
        "roc_auc": 0.8730207166666666
    },
    "37": {
        "loss": 1.5152808010101317,
        "cen_accuracy": 0.467,
        "kappa": 0.407777777777778,
        "f1": 0.4539307291533964,
        "roc_auc": 0.8739110777777779
    },
    "38": {
        "loss": 1.4953435194015503,
        "cen_accuracy": 0.4751,
        "kappa": 0.4167777777777776,
        "f1": 0.4692613852422964,
        "roc_auc": 0.8763771666666667
    },
    "39": {
        "loss": 1.4807179830551147,
        "cen_accuracy": 0.4782,
        "kappa": 0.4202222222222223,
        "f1": 0.46649107122951905,
        "roc_auc": 0.8776732
    },
    "40": {
        "loss": 1.5268049493789673,
        "cen_accuracy": 0.4615,
        "kappa": 0.4016666666666665,
        "f1": 0.4542155942590112,
        "roc_auc": 0.8684258666666667
    },