{
    "0": {
        "loss": 2.303971584701538,
        "cen_accuracy": 0.0947,
        "kappa": -0.0058888888888888324,
        "f1": 0.024706921345026795,
        "roc_auc": 0.49526286111111106
    },
    "1": {
        "loss": 2.3095278762817384,
        "cen_accuracy": 0.1,
        "kappa": 0.0,
        "f1": 0.01818181818181818,
        "roc_auc": 0.5050600888888889
    },
    "2": {
        "loss": 2.30400701751709,
        "cen_accuracy": 0.095,
        "kappa": -0.005555555555555536,
        "f1": 0.02484557722166126,
        "roc_auc": 0.5192145666666667
    },
    "3": {
        "loss": 2.2980353008270265,
        "cen_accuracy": 0.1268,
        "kappa": 0.029777777777777792,
        "f1": 0.05858435067466605,
        "roc_auc": 0.6485446666666667
    },
    "4": {
        "loss": 2.0484312475204467,
        "cen_accuracy": 0.2748,
        "kappa": 0.1942222222222224,
        "f1": 0.21361492041705993,
        "roc_auc": 0.7711641722222223
    },
    "5": {
        "loss": 2.003013883590698,
        "cen_accuracy": 0.3094,
        "kappa": 0.23266666666666636,
        "f1": 0.27245742656672084,
        "roc_auc": 0.790970438888889
    },
    "6": {
        "loss": 2.006299656677246,
        "cen_accuracy": 0.2863,
        "kappa": 0.20699999999999996,
        "f1": 0.24402312896533257,
        "roc_auc": 0.7891561222222223
    },
    "7": {
        "loss": 1.950663386154175,
        "cen_accuracy": 0.3051,
        "kappa": 0.2278888888888887,
        "f1": 0.25712081024742905,
        "roc_auc": 0.8044538944444446
    },
    "8": {
        "loss": 2.001989379501343,
        "cen_accuracy": 0.2917,
        "kappa": 0.2130000000000002,
        "f1": 0.2587059828007207,
        "roc_auc": 0.7987534722222221
    },
    "9": {
        "loss": 1.9049854370117187,
        "cen_accuracy": 0.3545,
        "kappa": 0.2827777777777778,
        "f1": 0.3223549074898011,
        "roc_auc": 0.8238193055555556
    },
    "10": {
        "loss": 2.0009754749298096,
        "cen_accuracy": 0.3023,
        "kappa": 0.22477777777777774,
        "f1": 0.28353953377558344,
        "roc_auc": 0.7965738722222222
    },
    "11": {
        "loss": 1.9082716482162476,
        "cen_accuracy": 0.3688,
        "kappa": 0.29866666666666664,
        "f1": 0.34309473246331934,
        "roc_auc": 0.8260656666666668
    },
    "12": {
        "loss": 1.8409400718688964,
        "cen_accuracy": 0.4186,
        "kappa": 0.354,
        "f1": 0.40976285993365924,
        "roc_auc": 0.8452362888888889
    },
    "13": {
        "loss": 1.9326363939285278,
        "cen_accuracy": 0.3865,
        "kappa": 0.318333333333333,
        "f1": 0.3742554249821842,
        "roc_auc": 0.8199031333333332
    },
    "14": {
        "loss": 1.9207173076629638,
        "cen_accuracy": 0.362,
        "kappa": 0.2911111111111111,
        "f1": 0.34236187883693897,
        "roc_auc": 0.8250066166666666
    },
    "15": {
        "loss": 1.9282596366882325,
        "cen_accuracy": 0.3739,
        "kappa": 0.30433333333333346,
        "f1": 0.35797357557655785,
        "roc_auc": 0.8232074722222222
    },
    "16": {
        "loss": 1.9032253892898559,
        "cen_accuracy": 0.3859,
        "kappa": 0.31766666666666654,
        "f1": 0.37426170233335665,
        "roc_auc": 0.82621705
    },
    "17": {
        "loss": 1.9802197017669678,
        "cen_accuracy": 0.3401,
        "kappa": 0.2667777777777779,
        "f1": 0.33047473782949893,
        "roc_auc": 0.7945111777777778
    },
    "18": {
        "loss": 1.969456551361084,
        "cen_accuracy": 0.3346,
        "kappa": 0.2606666666666668,
        "f1": 0.3170561197313016,
        "roc_auc": 0.8012704944444444
    },
    "19": {
        "loss": 1.9344335250854492,
        "cen_accuracy": 0.3583,
        "kappa": 0.28700000000000025,
        "f1": 0.3378386014698119,
        "roc_auc": 0.8113808722222222
    },
    "20": {
        "loss": 1.9726245431900025,
        "cen_accuracy": 0.3143,
        "kappa": 0.23811111111111083,
        "f1": 0.2932381225130166,
        "roc_auc": 0.7923346722222222
    },
    "21": {
        "loss": 1.9621123586654663,
        "cen_accuracy": 0.3207,
        "kappa": 0.24522222222222234,
        "f1": 0.30131325988151814,
        "roc_auc": 0.7975981388888889
    },
    "22": {
        "loss": 1.899483970451355,
        "cen_accuracy": 0.3477,
        "kappa": 0.27522222222222237,
        "f1": 0.33525644748199723,
        "roc_auc": 0.8168293333333333
    },
    "23": {
        "loss": 1.9770460876464844,
        "cen_accuracy": 0.2848,
        "kappa": 0.20533333333333315,
        "f1": 0.26502743476702995,
        "roc_auc": 0.7875183055555556
    },
    "24": {
        "loss": 1.9471054040908813,
        "cen_accuracy": 0.3275,
        "kappa": 0.25277777777777777,
        "f1": 0.31327323545445274,
        "roc_auc": 0.7883734444444443
    },
    "25": {
        "loss": 1.8589504102706909,
        "cen_accuracy": 0.3763,
        "kappa": 0.30700000000000016,
        "f1": 0.3628449331025569,
        "roc_auc": 0.8180509777777777
    },
    "26": {
        "loss": 1.8967396640777587,
        "cen_accuracy": 0.3591,
        "kappa": 0.2878888888888891,
        "f1": 0.34282774422410667,
        "roc_auc": 0.8080480777777778
    },
    "27": {
        "loss": 1.862800936126709,
        "cen_accuracy": 0.3806,
        "kappa": 0.3117777777777778,
        "f1": 0.369075001497428,
        "roc_auc": 0.8208878111111112
    },
    "28": {
        "loss": 1.929278052330017,
        "cen_accuracy": 0.3235,
        "kappa": 0.24833333333333307,
        "f1": 0.3040254699335935,
        "roc_auc": 0.8029993611111111
    },
    "29": {
        "loss": 1.9326205587387084,
        "cen_accuracy": 0.3319,
        "kappa": 0.2576666666666665,
        "f1": 0.31299737857515075,
        "roc_auc": 0.7940089
    },
    "30": {
        "loss": 1.9619314739227296,
        "cen_accuracy": 0.3184,
        "kappa": 0.24266666666666648,
        "f1": 0.2983474159462304,
        "roc_auc": 0.7883999777777777
    },
    "31": {
        "loss": 1.9038975666046143,
        "cen_accuracy": 0.3449,
        "kappa": 0.2721111111111111,
        "f1": 0.3278571018272216,
        "roc_auc": 0.8002221888888889
    },
    "32": {
        "loss": 1.8698964818954469,
        "cen_accuracy": 0.3532,
        "kappa": 0.2813333333333332,
        "f1": 0.33040384852122706,
        "roc_auc": 0.8120203222222223
    },
    "33": {
        "loss": 1.8350610595703125,
        "cen_accuracy": 0.3817,
        "kappa": 0.31300000000000017,
        "f1": 0.36759247464527367,
        "roc_auc": 0.8263799833333334
    },
    "34": {
        "loss": 1.9296006301879882,
        "cen_accuracy": 0.3265,
        "kappa": 0.2516666666666667,
        "f1": 0.30904732847854344,
        "roc_auc": 0.8011857611111111
    },
    "35": {
        "loss": 1.8251470296859742,
        "cen_accuracy": 0.3892,
        "kappa": 0.32133333333333336,
        "f1": 0.3736503323668924,
        "roc_auc": 0.8283857777777778
    },
    "36": {
        "loss": 1.9189765941619874,
        "cen_accuracy": 0.3461,
        "kappa": 0.27344444444444427,
        "f1": 0.3254271027672025,
        "roc_auc": 0.8058499722222223
    },
    "37": {
        "loss": 1.9360404169082641,
        "cen_accuracy": 0.3102,
        "kappa": 0.23355555555555574,
        "f1": 0.29245616446341305,
        "roc_auc": 0.7994755555555555
    },
    "38": {
        "loss": 1.860175652885437,
        "cen_accuracy": 0.361,
        "kappa": 0.29000000000000004,
        "f1": 0.34949134435686136,
        "roc_auc": 0.8176477555555556
    },
    "39": {
        "loss": 1.944023194694519,
        "cen_accuracy": 0.319,
        "kappa": 0.2433333333333333,
        "f1": 0.2928934021272579,
        "roc_auc": 0.7959431888888889
    },
    "40": {
        "loss": 1.906529985809326,
        "cen_accuracy": 0.3237,
        "kappa": 0.2485555555555552,
        "f1": 0.30903942069469764,