{
    "0": {
        "loss": 2.304385912322998,
        "cen_accuracy": 0.0995,
        "kappa": -0.0005555555555556424,
        "f1": 0.023145860276981484,
        "roc_auc": 0.4988476333333334
    },
    "1": {
        "loss": 2.3048263957977295,
        "cen_accuracy": 0.1,
        "kappa": 0.0,
        "f1": 0.01818181818181818,
        "roc_auc": 0.5797789888888889
    },
    "2": {
        "loss": 2.1518057079315187,
        "cen_accuracy": 0.188,
        "kappa": 0.09777777777777774,
        "f1": 0.12897936699930357,
        "roc_auc": 0.6934655000000001
    },
    "3": {
        "loss": 1.9025313789367675,
        "cen_accuracy": 0.2963,
        "kappa": 0.21811111111111126,
        "f1": 0.2527330534673868,
        "roc_auc": 0.7845569277777777
    },
    "4": {
        "loss": 1.7758088775634766,
        "cen_accuracy": 0.3608,
        "kappa": 0.2897777777777779,
        "f1": 0.33657802947452004,
        "roc_auc": 0.8258826722222222
    },
    "5": {
        "loss": 1.723766653060913,
        "cen_accuracy": 0.3746,
        "kappa": 0.30511111111111144,
        "f1": 0.3462083551899986,
        "roc_auc": 0.8414847666666667
    },
    "6": {
        "loss": 1.6677842391967774,
        "cen_accuracy": 0.405,
        "kappa": 0.338888888888889,
        "f1": 0.37379936752547127,
        "roc_auc": 0.8453815444444445
    },
    "7": {
        "loss": 1.638509580039978,
        "cen_accuracy": 0.4256,
        "kappa": 0.36177777777777786,
        "f1": 0.4062162573822823,
        "roc_auc": 0.8569979999999999
    },
    "8": {
        "loss": 1.6217633050918578,
        "cen_accuracy": 0.4394,
        "kappa": 0.37711111111111106,
        "f1": 0.4268272834733787,
        "roc_auc": 0.8598082777777778
    },
    "9": {
        "loss": 1.5997554580688476,
        "cen_accuracy": 0.4373,
        "kappa": 0.37477777777777765,
        "f1": 0.42038107639254774,
        "roc_auc": 0.8631475444444444
    },
    "10": {
        "loss": 1.6365735548019409,
        "cen_accuracy": 0.4259,
        "kappa": 0.36211111111111116,
        "f1": 0.40452819716777766,
        "roc_auc": 0.8576829555555555
    },
    "11": {
        "loss": 1.6662682626724243,
        "cen_accuracy": 0.4112,
        "kappa": 0.34577777777777774,
        "f1": 0.3909904019948694,
        "roc_auc": 0.852196988888889
    },
    "12": {
        "loss": 1.595873012161255,
        "cen_accuracy": 0.4368,
        "kappa": 0.37422222222222234,
        "f1": 0.4206085376784655,
        "roc_auc": 0.8629221944444444
    },
    "13": {
        "loss": 1.6047138179779052,
        "cen_accuracy": 0.4346,
        "kappa": 0.3717777777777779,
        "f1": 0.42192133718555935,
        "roc_auc": 0.8619226333333332
    },
    "14": {
        "loss": 1.6553505697250366,
        "cen_accuracy": 0.4271,
        "kappa": 0.36344444444444435,
        "f1": 0.41520616153027906,
        "roc_auc": 0.8570029666666665
    },
    "15": {
        "loss": 1.5971011575698852,
        "cen_accuracy": 0.4324,
        "kappa": 0.3693333333333333,
        "f1": 0.42219515663763885,
        "roc_auc": 0.8611332111111111
    },
    "16": {
        "loss": 1.5872840969085693,
        "cen_accuracy": 0.4391,
        "kappa": 0.37677777777777777,
        "f1": 0.4261141384612973,
        "roc_auc": 0.8627250055555556
    },
    "17": {
        "loss": 1.5864407121658326,
        "cen_accuracy": 0.442,
        "kappa": 0.3800000000000001,
        "f1": 0.42898957475066535,
        "roc_auc": 0.8635782055555554
    },
    "18": {
        "loss": 1.5990532424926758,
        "cen_accuracy": 0.4445,
        "kappa": 0.38277777777777755,
        "f1": 0.4288707804916476,
        "roc_auc": 0.8625617555555557
    },
    "19": {
        "loss": 1.5692717067718507,
        "cen_accuracy": 0.4505,
        "kappa": 0.3894444444444445,
        "f1": 0.4378687732896968,
        "roc_auc": 0.8662768388888888
    },
    "20": {
        "loss": 1.550571455001831,
        "cen_accuracy": 0.4625,
        "kappa": 0.4027777777777778,
        "f1": 0.4471329313543696,
        "roc_auc": 0.8705091388888888
    },
    "21": {
        "loss": 1.5633987998962402,
        "cen_accuracy": 0.448,
        "kappa": 0.3866666666666664,
        "f1": 0.4288751307986723,
        "roc_auc": 0.8663543777777779
    },
    "22": {
        "loss": 1.5371125158309937,
        "cen_accuracy": 0.4617,
        "kappa": 0.40188888888888885,
        "f1": 0.4451003850260073,
        "roc_auc": 0.8715888166666668
    },
    "23": {
        "loss": 1.5078798654556274,
        "cen_accuracy": 0.4755,
        "kappa": 0.41722222222222227,
        "f1": 0.4634505869812594,
        "roc_auc": 0.8747994722222222
    },
    "24": {
        "loss": 1.47929693069458,
        "cen_accuracy": 0.4819,
        "kappa": 0.42433333333333334,
        "f1": 0.4639140419998277,
        "roc_auc": 0.8797924166666666
    },
    "25": {
        "loss": 1.5064585502624512,
        "cen_accuracy": 0.4806,
        "kappa": 0.4228888888888891,
        "f1": 0.46872097666788404,
        "roc_auc": 0.8767130444444444
    },
    "26": {
        "loss": 1.4688243577957154,
        "cen_accuracy": 0.4808,
        "kappa": 0.4231111111111112,
        "f1": 0.4667629532179728,
        "roc_auc": 0.8793354722222222
    },
    "27": {
        "loss": 1.4927741760253905,
        "cen_accuracy": 0.4841,
        "kappa": 0.42677777777777803,
        "f1": 0.4718928766147588,
        "roc_auc": 0.8771275000000001
    },
    "28": {
        "loss": 1.5074056087493897,
        "cen_accuracy": 0.4732,
        "kappa": 0.41466666666666674,
        "f1": 0.46105869358446905,
        "roc_auc": 0.8730072277777777
    },
    "29": {
        "loss": 1.4853247539520265,
        "cen_accuracy": 0.4864,
        "kappa": 0.42933333333333346,
        "f1": 0.4741833097189101,
        "roc_auc": 0.8773393
    },
    "30": {
        "loss": 1.5635735889434814,
        "cen_accuracy": 0.4497,
        "kappa": 0.38855555555555543,
        "f1": 0.42797274661922347,
        "roc_auc": 0.8640801833333333
    },
    "31": {
        "loss": 1.4988223518371582,
        "cen_accuracy": 0.4856,
        "kappa": 0.4284444444444444,
        "f1": 0.4857998000511607,
        "roc_auc": 0.8766594833333332
    },
    "32": {
        "loss": 1.5031800094604493,
        "cen_accuracy": 0.4812,
        "kappa": 0.4235555555555557,
        "f1": 0.48033425688883397,
        "roc_auc": 0.8745381333333333
    },
    "33": {
        "loss": 1.4484974683761596,
        "cen_accuracy": 0.5004,
        "kappa": 0.4448888888888889,
        "f1": 0.4960735664134811,
        "roc_auc": 0.8817632388888889
    },
    "34": {
        "loss": 1.4614427967071533,
        "cen_accuracy": 0.4986,
        "kappa": 0.4428888888888889,
        "f1": 0.4941821589059322,
        "roc_auc": 0.8812320944444444
    },
    "35": {
        "loss": 1.4843707906723023,
        "cen_accuracy": 0.4841,
        "kappa": 0.42677777777777803,
        "f1": 0.4806253441152915,
        "roc_auc": 0.8777053944444445
    },
    "36": {
        "loss": 1.51250656414032,
        "cen_accuracy": 0.4812,
        "kappa": 0.4235555555555557,
        "f1": 0.4780617925558978,
        "roc_auc": 0.8730426055555555
    },
    "37": {
        "loss": 1.502435903930664,
        "cen_accuracy": 0.4833,
        "kappa": 0.425888888888889,
        "f1": 0.481120283551476,
        "roc_auc": 0.8745252833333333
    },
    "38": {
        "loss": 1.5352321584701538,
        "cen_accuracy": 0.4646,
        "kappa": 0.4051111111111112,
        "f1": 0.461738411476137,
        "roc_auc": 0.8692610944444444
    },
    "39": {
        "loss": 1.5067514038085938,
        "cen_accuracy": 0.478,
        "kappa": 0.42000000000000015,
        "f1": 0.47200176785421866,
        "roc_auc": 0.8745483555555555
    },
    "40": {
        "loss": 1.5161872934341432,
        "cen_accuracy": 0.4742,
        "kappa": 0.4157777777777779,
        "f1": 0.4774478028080984,