{
    "0": {
        "loss": 2.304499270629883,
        "cen_accuracy": 0.0928,
        "kappa": -0.008000000000000007,
        "f1": 0.029481364679721733,
        "roc_auc": 0.5039636055555555
    },
    "1": {
        "loss": 2.3036498443603515,
        "cen_accuracy": 0.1,
        "kappa": 0.0,
        "f1": 0.01818181818181818,
        "roc_auc": 0.5058526222222223
    },
    "2": {
        "loss": 2.2610386180877686,
        "cen_accuracy": 0.1212,
        "kappa": 0.023555555555555996,
        "f1": 0.048188937288902736,
        "roc_auc": 0.6752999611111111
    },
    "3": {
        "loss": 2.0837751987457276,
        "cen_accuracy": 0.2455,
        "kappa": 0.16166666666666685,
        "f1": 0.19820190635455928,
        "roc_auc": 0.7463849833333334
    },
    "4": {
        "loss": 2.075789611053467,
        "cen_accuracy": 0.2465,
        "kappa": 0.16277777777777758,
        "f1": 0.21177940299278264,
        "roc_auc": 0.7469990111111111
    },
    "5": {
        "loss": 1.9666684001922607,
        "cen_accuracy": 0.3256,
        "kappa": 0.2506666666666665,
        "f1": 0.29074796282237486,
        "roc_auc": 0.8030946666666667
    },
    "6": {
        "loss": 1.9652139677047729,
        "cen_accuracy": 0.3146,
        "kappa": 0.23844444444444446,
        "f1": 0.2722647892419977,
        "roc_auc": 0.8050714833333334
    },
    "7": {
        "loss": 1.9967669805526733,
        "cen_accuracy": 0.3014,
        "kappa": 0.22377777777777808,
        "f1": 0.263302913579112,
        "roc_auc": 0.7927146722222222
    },
    "8": {
        "loss": 1.9598808361053466,
        "cen_accuracy": 0.2932,
        "kappa": 0.214666666666667,
        "f1": 0.257646615511626,
        "roc_auc": 0.7910264722222222
    },
    "9": {
        "loss": 1.9283594976425171,
        "cen_accuracy": 0.3465,
        "kappa": 0.27388888888888874,
        "f1": 0.3227427269188624,
        "roc_auc": 0.8106503388888887
    },
    "10": {
        "loss": 1.9429865730285645,
        "cen_accuracy": 0.3323,
        "kappa": 0.25811111111111085,
        "f1": 0.31444879534045234,
        "roc_auc": 0.8074200944444444
    },
    "11": {
        "loss": 1.956447763633728,
        "cen_accuracy": 0.3405,
        "kappa": 0.26722222222222203,
        "f1": 0.3273311764640212,
        "roc_auc": 0.807220938888889
    },
    "12": {
        "loss": 1.9243177085876464,
        "cen_accuracy": 0.3398,
        "kappa": 0.2664444444444445,
        "f1": 0.32776264200097677,
        "roc_auc": 0.8188829055555555
    },
    "13": {
        "loss": 1.9297856845855712,
        "cen_accuracy": 0.35,
        "kappa": 0.2777777777777778,
        "f1": 0.34091894703648584,
        "roc_auc": 0.8205948111111111
    },
    "14": {
        "loss": 1.9242458274841308,
        "cen_accuracy": 0.3537,
        "kappa": 0.28188888888888863,
        "f1": 0.3480093909867679,
        "roc_auc": 0.801749011111111
    },
    "15": {
        "loss": 1.9378768228530885,
        "cen_accuracy": 0.3233,
        "kappa": 0.24811111111111106,
        "f1": 0.3247281762493285,
        "roc_auc": 0.8137697555555554
    },
    "16": {
        "loss": 1.9225032068252563,
        "cen_accuracy": 0.3544,
        "kappa": 0.2826666666666666,
        "f1": 0.3479745999013229,
        "roc_auc": 0.816780611111111
    },
    "17": {
        "loss": 1.9793074037551879,
        "cen_accuracy": 0.3371,
        "kappa": 0.26344444444444426,
        "f1": 0.34218995044085865,
        "roc_auc": 0.8054524000000001
    },
    "18": {
        "loss": 1.905149164199829,
        "cen_accuracy": 0.3767,
        "kappa": 0.30744444444444474,
        "f1": 0.3793425514279617,
        "roc_auc": 0.8172317999999998
    },
    "19": {
        "loss": 1.999943886756897,
        "cen_accuracy": 0.3288,
        "kappa": 0.25422222222222235,
        "f1": 0.32908417124139067,
        "roc_auc": 0.7892860944444444
    },
    "20": {
        "loss": 2.0155527015686037,
        "cen_accuracy": 0.3201,
        "kappa": 0.24455555555555542,
        "f1": 0.3136277870409748,
        "roc_auc": 0.7886497611111112
    },
    "21": {
        "loss": 1.976918279838562,
        "cen_accuracy": 0.3055,
        "kappa": 0.2283333333333334,
        "f1": 0.30053924806650956,
        "roc_auc": 0.7925051388888888
    },
    "22": {
        "loss": 1.9545121250152588,
        "cen_accuracy": 0.301,
        "kappa": 0.22333333333333338,
        "f1": 0.28777194940976314,
        "roc_auc": 0.8053261611111111
    },
    "23": {
        "loss": 1.9753187889099122,
        "cen_accuracy": 0.328,
        "kappa": 0.2533333333333332,
        "f1": 0.31937697167456935,
        "roc_auc": 0.7993540888888889
    },
    "24": {
        "loss": 1.9837737701416016,
        "cen_accuracy": 0.3134,
        "kappa": 0.23711111111111127,
        "f1": 0.29833672920226656,
        "roc_auc": 0.7874922111111112
    },
    "25": {
        "loss": 2.019115436935425,
        "cen_accuracy": 0.2674,
        "kappa": 0.18599999999999972,
        "f1": 0.25859437907980154,
        "roc_auc": 0.7791943777777779
    },
    "26": {
        "loss": 1.9454477462768556,
        "cen_accuracy": 0.3397,
        "kappa": 0.2663333333333333,
        "f1": 0.3239927912541779,
        "roc_auc": 0.8002592333333333
    },
    "27": {
        "loss": 1.9744271688461303,
        "cen_accuracy": 0.2789,
        "kappa": 0.19877777777777783,
        "f1": 0.2611332204947263,
        "roc_auc": 0.7913788055555556
    },
    "28": {
        "loss": 1.9442200782775878,
        "cen_accuracy": 0.3199,
        "kappa": 0.2443333333333333,
        "f1": 0.3148706473913049,
        "roc_auc": 0.8091231222222224
    },
    "29": {
        "loss": 2.0067286334991454,
        "cen_accuracy": 0.2758,
        "kappa": 0.19533333333333336,
        "f1": 0.25509432294910617,
        "roc_auc": 0.7842388666666666
    },
    "30": {
        "loss": 1.8982678966522217,
        "cen_accuracy": 0.3328,
        "kappa": 0.2586666666666668,
        "f1": 0.3281665094307199,
        "roc_auc": 0.8059740333333332
    },
    "31": {
        "loss": 1.9447180850982666,
        "cen_accuracy": 0.324,
        "kappa": 0.24888888888888894,
        "f1": 0.3223758752559539,
        "roc_auc": 0.7989020888888889
    },
    "32": {
        "loss": 1.9439319370269776,
        "cen_accuracy": 0.3227,
        "kappa": 0.24744444444444424,
        "f1": 0.30793121456963357,
        "roc_auc": 0.7906689444444445
    },
    "33": {
        "loss": 1.9101649787902832,
        "cen_accuracy": 0.3392,
        "kappa": 0.2657777777777779,
        "f1": 0.32666903222266674,
        "roc_auc": 0.8093982833333333
    },
    "34": {
        "loss": 1.964252885055542,
        "cen_accuracy": 0.2967,
        "kappa": 0.21855555555555584,
        "f1": 0.2831437924237147,
        "roc_auc": 0.7848147222222221
    },
    "35": {
        "loss": 1.9299653495788573,
        "cen_accuracy": 0.3218,
        "kappa": 0.2464444444444448,
        "f1": 0.3117009465907598,
        "roc_auc": 0.8031028833333334
    },
    "36": {
        "loss": 1.9346589813232422,
        "cen_accuracy": 0.3221,
        "kappa": 0.24677777777777776,
        "f1": 0.3142606757342409,
        "roc_auc": 0.803286611111111
    },
    "37": {
        "loss": 1.9232541110992432,
        "cen_accuracy": 0.3291,
        "kappa": 0.2545555555555554,
        "f1": 0.31892907822434424,
        "roc_auc": 0.8024306555555555
    },
    "38": {
        "loss": 1.9945255966186524,
        "cen_accuracy": 0.3062,
        "kappa": 0.22911111111111082,
        "f1": 0.30126757249533026,
        "roc_auc": 0.7832556888888889
    },
    "39": {
        "loss": 1.9723838933944702,
        "cen_accuracy": 0.2957,
        "kappa": 0.2174444444444441,
        "f1": 0.28304476880562573,
        "roc_auc": 0.7853162444444444
    },
    "40": {
        "loss": 2.024572598838806,
        "cen_accuracy": 0.2745,
        "kappa": 0.193888888888889,
        "f1": 0.24827586045105435,