{
    "0": {
        "loss": 2.304716423034668,
        "cen_accuracy": 0.1005,
        "kappa": 0.0005555555555555314,
        "f1": 0.033157973686351545,
        "roc_auc": 0.4719937611111111
    },
    "1": {
        "loss": 2.303697561645508,
        "cen_accuracy": 0.1,
        "kappa": 0.0,
        "f1": 0.01818181818181818,
        "roc_auc": 0.4998782055555555
    },
    "2": {
        "loss": 2.3041683528900148,
        "cen_accuracy": 0.1091,
        "kappa": 0.01011111111111107,
        "f1": 0.03022397382578591,
        "roc_auc": 0.6307981500000001
    },
    "3": {
        "loss": 1.831594542312622,
        "cen_accuracy": 0.3118,
        "kappa": 0.2353333333333335,
        "f1": 0.27355457993961074,
        "roc_auc": 0.7914698388888888
    },
    "4": {
        "loss": 1.7094624794006348,
        "cen_accuracy": 0.3576,
        "kappa": 0.28622222222222193,
        "f1": 0.3184661426028092,
        "roc_auc": 0.8198812555555556
    },
    "5": {
        "loss": 1.6641528753280639,
        "cen_accuracy": 0.3748,
        "kappa": 0.30533333333333357,
        "f1": 0.34956635401303077,
        "roc_auc": 0.8295075777777778
    },
    "6": {
        "loss": 1.637873743057251,
        "cen_accuracy": 0.385,
        "kappa": 0.31666666666666654,
        "f1": 0.36404497153089466,
        "roc_auc": 0.8348931444444444
    },
    "7": {
        "loss": 1.6198957969665528,
        "cen_accuracy": 0.3952,
        "kappa": 0.32799999999999996,
        "f1": 0.37877398433410453,
        "roc_auc": 0.8389985055555556
    },
    "8": {
        "loss": 1.5923658962249756,
        "cen_accuracy": 0.4106,
        "kappa": 0.3451111111111109,
        "f1": 0.3934178056455411,
        "roc_auc": 0.8479816944444444
    },
    "9": {
        "loss": 1.5442179468154906,
        "cen_accuracy": 0.4276,
        "kappa": 0.3639999999999999,
        "f1": 0.41352127571993924,
        "roc_auc": 0.8570299722222222
    },
    "10": {
        "loss": 1.5239306505203247,
        "cen_accuracy": 0.4385,
        "kappa": 0.3761111111111113,
        "f1": 0.4231288886663476,
        "roc_auc": 0.8610320611111112
    },
    "11": {
        "loss": 1.5095266319274903,
        "cen_accuracy": 0.4472,
        "kappa": 0.385777777777778,
        "f1": 0.4331062948562156,
        "roc_auc": 0.8639658388888888
    },
    "12": {
        "loss": 1.4984043537139893,
        "cen_accuracy": 0.4544,
        "kappa": 0.3937777777777779,
        "f1": 0.44223216153669115,
        "roc_auc": 0.8673561277777779
    },
    "13": {
        "loss": 1.480494751739502,
        "cen_accuracy": 0.4595,
        "kappa": 0.3994444444444446,
        "f1": 0.44651940860032013,
        "roc_auc": 0.8699547555555556
    },
    "14": {
        "loss": 1.461362421798706,
        "cen_accuracy": 0.4613,
        "kappa": 0.4014444444444446,
        "f1": 0.4506510438960639,
        "roc_auc": 0.8726839833333333
    },
    "15": {
        "loss": 1.448555147743225,
        "cen_accuracy": 0.4729,
        "kappa": 0.4143333333333331,
        "f1": 0.4605899325664119,
        "roc_auc": 0.8755326222222223
    },
    "16": {
        "loss": 1.4364780420303345,
        "cen_accuracy": 0.4785,
        "kappa": 0.42055555555555535,
        "f1": 0.46357004993370515,
        "roc_auc": 0.8778769555555556
    },
    "17": {
        "loss": 1.4134402137756348,
        "cen_accuracy": 0.4874,
        "kappa": 0.4304444444444445,
        "f1": 0.475559956616349,
        "roc_auc": 0.8810463777777778
    },
    "18": {
        "loss": 1.4020579853057862,
        "cen_accuracy": 0.4932,
        "kappa": 0.436888888888889,
        "f1": 0.48419746026387456,
        "roc_auc": 0.8830875277777779
    },
    "19": {
        "loss": 1.3967533460617065,
        "cen_accuracy": 0.4963,
        "kappa": 0.44033333333333324,
        "f1": 0.4895378577758927,
        "roc_auc": 0.8839591277777779
    },
    "20": {
        "loss": 1.3911235177993775,
        "cen_accuracy": 0.4987,
        "kappa": 0.44299999999999995,
        "f1": 0.49182315095365015,
        "roc_auc": 0.8850303333333333
    },
    "21": {
        "loss": 1.3809461517333985,
        "cen_accuracy": 0.4958,
        "kappa": 0.43977777777777805,
        "f1": 0.4825869543765874,
        "roc_auc": 0.8873844444444444
    },
    "22": {
        "loss": 1.375621699333191,
        "cen_accuracy": 0.4987,
        "kappa": 0.44300000000000006,
        "f1": 0.4927132264824194,
        "roc_auc": 0.8883950666666667
    },
    "23": {
        "loss": 1.3733630653381348,
        "cen_accuracy": 0.5067,
        "kappa": 0.451888888888889,
        "f1": 0.50217556344674,
        "roc_auc": 0.8880189611111111
    },
    "24": {
        "loss": 1.3870024309158324,
        "cen_accuracy": 0.5017,
        "kappa": 0.44633333333333347,
        "f1": 0.49335281871734854,
        "roc_auc": 0.8874529555555556
    },
    "25": {
        "loss": 1.355165133857727,
        "cen_accuracy": 0.5136,
        "kappa": 0.4595555555555555,
        "f1": 0.5095787988191289,
        "roc_auc": 0.8905152
    },
    "26": {
        "loss": 1.3625442613601684,
        "cen_accuracy": 0.5087,
        "kappa": 0.45411111111111113,
        "f1": 0.5044395065713647,
        "roc_auc": 0.8901254166666666
    },
    "27": {
        "loss": 1.3463487632751465,
        "cen_accuracy": 0.5164,
        "kappa": 0.4626666666666669,
        "f1": 0.5100589068841321,
        "roc_auc": 0.8918249666666667
    },
    "28": {
        "loss": 1.348432685470581,
        "cen_accuracy": 0.5143,
        "kappa": 0.4603333333333335,
        "f1": 0.5127395507193898,
        "roc_auc": 0.8921186999999999
    },
    "29": {
        "loss": 1.3446784299850465,
        "cen_accuracy": 0.5155,
        "kappa": 0.46166666666666656,
        "f1": 0.5133907725512691,
        "roc_auc": 0.8926150555555555
    },
    "30": {
        "loss": 1.3553276008605957,
        "cen_accuracy": 0.5108,
        "kappa": 0.45644444444444454,
        "f1": 0.5029221105419992,
        "roc_auc": 0.8912960777777779
    },
    "31": {
        "loss": 1.3493755859375,
        "cen_accuracy": 0.5193,
        "kappa": 0.465888888888889,
        "f1": 0.5116181252994118,
        "roc_auc": 0.8915971944444443
    },
    "32": {
        "loss": 1.3312221998214722,
        "cen_accuracy": 0.5237,
        "kappa": 0.47077777777777774,
        "f1": 0.5188240262075681,
        "roc_auc": 0.8945020722222221
    },
    "33": {
        "loss": 1.3409407644271851,
        "cen_accuracy": 0.5208,
        "kappa": 0.4675555555555555,
        "f1": 0.5179010804843505,
        "roc_auc": 0.8926388333333334
    },
    "34": {
        "loss": 1.348738726425171,
        "cen_accuracy": 0.5156,
        "kappa": 0.46177777777777773,
        "f1": 0.5102758116438337,
        "roc_auc": 0.8917583833333333
    },
    "35": {
        "loss": 1.3363076892852783,
        "cen_accuracy": 0.5214,
        "kappa": 0.46822222222222243,
        "f1": 0.5160295700445738,
        "roc_auc": 0.893726622222222
    },
    "36": {
        "loss": 1.344951403617859,
        "cen_accuracy": 0.5206,
        "kappa": 0.4673333333333335,
        "f1": 0.5170332058757813,
        "roc_auc": 0.8927835611111112
    },
    "37": {
        "loss": 1.3367954816818237,
        "cen_accuracy": 0.5173,
        "kappa": 0.46366666666666645,
        "f1": 0.5133933359975272,
        "roc_auc": 0.8929752611111109
    },
    "38": {
        "loss": 1.3217851976394652,
        "cen_accuracy": 0.5266,
        "kappa": 0.47399999999999987,
        "f1": 0.5190481676114592,
        "roc_auc": 0.8949688666666666
    },
    "39": {
        "loss": 1.3246058563232421,
        "cen_accuracy": 0.5256,
        "kappa": 0.472888888888889,
        "f1": 0.5184539238206359,
        "roc_auc": 0.895699288888889
    },
    "40": {
        "loss": 1.3209541011810302,
        "cen_accuracy": 0.5327,
        "kappa": 0.48077777777777797,
        "f1": 0.5304520565172245,