{
    "0": {
        "loss": 2.3049713245391845,
        "cen_accuracy": 0.1,
        "kappa": 0.0,
        "f1": 0.01818181818181818,
        "roc_auc": 0.488374988888889
    },
    "1": {
        "loss": 2.3129681579589842,
        "cen_accuracy": 0.1,
        "kappa": 0.0,
        "f1": 0.01818181818181818,
        "roc_auc": 0.5121238166666667
    },
    "2": {
        "loss": 2.263428974151611,
        "cen_accuracy": 0.114,
        "kappa": 0.015555555555555545,
        "f1": 0.04478857877540028,
        "roc_auc": 0.6651558666666666
    },
    "3": {
        "loss": 2.114834684371948,
        "cen_accuracy": 0.192,
        "kappa": 0.10222222222222244,
        "f1": 0.13575822602763393,
        "roc_auc": 0.7254505333333332
    },
    "4": {
        "loss": 2.114013422393799,
        "cen_accuracy": 0.2467,
        "kappa": 0.16300000000000003,
        "f1": 0.20269178234182988,
        "roc_auc": 0.7660449166666666
    },
    "5": {
        "loss": 2.023315150642395,
        "cen_accuracy": 0.2956,
        "kappa": 0.21733333333333305,
        "f1": 0.26703336485593987,
        "roc_auc": 0.7793543777777778
    },
    "6": {
        "loss": 1.9900338005065918,
        "cen_accuracy": 0.3261,
        "kappa": 0.25122222222222257,
        "f1": 0.29356015908571764,
        "roc_auc": 0.7875468388888889
    },
    "7": {
        "loss": 2.0050089483261107,
        "cen_accuracy": 0.3022,
        "kappa": 0.22466666666666668,
        "f1": 0.2912479850907311,
        "roc_auc": 0.8000747666666668
    },
    "8": {
        "loss": 2.045080306625366,
        "cen_accuracy": 0.2851,
        "kappa": 0.20566666666666678,
        "f1": 0.2818789724938484,
        "roc_auc": 0.7862041833333333
    },
    "9": {
        "loss": 2.060583979034424,
        "cen_accuracy": 0.2608,
        "kappa": 0.17866666666666653,
        "f1": 0.24082807540185422,
        "roc_auc": 0.7808923166666667
    },
    "10": {
        "loss": 1.9908369304656983,
        "cen_accuracy": 0.3306,
        "kappa": 0.25622222222222235,
        "f1": 0.33539817302686525,
        "roc_auc": 0.8072479722222223
    },
    "11": {
        "loss": 2.0040835803985595,
        "cen_accuracy": 0.2771,
        "kappa": 0.19677777777777783,
        "f1": 0.27976605097275004,
        "roc_auc": 0.8026580722222224
    },
    "12": {
        "loss": 1.9700158149719238,
        "cen_accuracy": 0.3082,
        "kappa": 0.23133333333333306,
        "f1": 0.30832802097832973,
        "roc_auc": 0.8111457277777777
    },
    "13": {
        "loss": 1.9256334030151367,
        "cen_accuracy": 0.3522,
        "kappa": 0.28022222222222226,
        "f1": 0.35600513390489136,
        "roc_auc": 0.8238735166666666
    },
    "14": {
        "loss": 1.9018661828994752,
        "cen_accuracy": 0.3691,
        "kappa": 0.2989999999999998,
        "f1": 0.356771344714948,
        "roc_auc": 0.8261218166666666
    },
    "15": {
        "loss": 1.8995829343795776,
        "cen_accuracy": 0.3676,
        "kappa": 0.2973333333333332,
        "f1": 0.3556622425982262,
        "roc_auc": 0.8241422055555555
    },
    "16": {
        "loss": 2.0427169773101808,
        "cen_accuracy": 0.2322,
        "kappa": 0.14688888888888907,
        "f1": 0.21291757000417913,
        "roc_auc": 0.778914338888889
    },
    "17": {
        "loss": 1.9723139381408692,
        "cen_accuracy": 0.2813,
        "kappa": 0.20144444444444443,
        "f1": 0.2661830037760424,
        "roc_auc": 0.8036071611111112
    },
    "18": {
        "loss": 2.022678286743164,
        "cen_accuracy": 0.2603,
        "kappa": 0.17811111111111133,
        "f1": 0.23116652973192636,
        "roc_auc": 0.7806167722222221
    },
    "19": {
        "loss": 1.889135489654541,
        "cen_accuracy": 0.354,
        "kappa": 0.2822222222222224,
        "f1": 0.3267676996835493,
        "roc_auc": 0.8227648666666667
    },
    "20": {
        "loss": 1.9955591091156006,
        "cen_accuracy": 0.2732,
        "kappa": 0.1924444444444443,
        "f1": 0.2411198601880983,
        "roc_auc": 0.7928765888888889
    },
    "21": {
        "loss": 1.976534567642212,
        "cen_accuracy": 0.2797,
        "kappa": 0.19966666666666666,
        "f1": 0.24650402998736193,
        "roc_auc": 0.7954286166666666
    },
    "22": {
        "loss": 1.9755685516357422,
        "cen_accuracy": 0.2766,
        "kappa": 0.1962222222222224,
        "f1": 0.24709315263425,
        "roc_auc": 0.7972403277777778
    },
    "23": {
        "loss": 1.9473421468734742,
        "cen_accuracy": 0.2849,
        "kappa": 0.20544444444444443,
        "f1": 0.24996586543095983,
        "roc_auc": 0.8037520555555556
    },
    "24": {
        "loss": 1.951832370185852,
        "cen_accuracy": 0.293,
        "kappa": 0.21444444444444433,
        "f1": 0.2630246193339424,
        "roc_auc": 0.8007870111111111
    },
    "25": {
        "loss": 1.9818231842041016,
        "cen_accuracy": 0.2938,
        "kappa": 0.21533333333333338,
        "f1": 0.25765352591844065,
        "roc_auc": 0.7838066444444445
    },
    "26": {
        "loss": 1.9013758213043213,
        "cen_accuracy": 0.3337,
        "kappa": 0.2596666666666665,
        "f1": 0.2915470979077297,
        "roc_auc": 0.8150484444444445
    },
    "27": {
        "loss": 1.979477498626709,
        "cen_accuracy": 0.2704,
        "kappa": 0.18933333333333335,
        "f1": 0.23618315794082928,
        "roc_auc": 0.7803132277777778
    },
    "28": {
        "loss": 2.033828982925415,
        "cen_accuracy": 0.2519,
        "kappa": 0.16877777777777814,
        "f1": 0.2254692688128507,
        "roc_auc": 0.7623631222222222
    },
    "29": {
        "loss": 1.9780142963409424,
        "cen_accuracy": 0.2973,
        "kappa": 0.2192222222222222,
        "f1": 0.2655636351742516,
        "roc_auc": 0.7797983166666665
    },
    "30": {
        "loss": 1.9233287935256957,
        "cen_accuracy": 0.3172,
        "kappa": 0.2413333333333335,
        "f1": 0.2810094133672686,
        "roc_auc": 0.8001768055555555
    },
    "31": {
        "loss": 1.9077475955963135,
        "cen_accuracy": 0.3345,
        "kappa": 0.2605555555555552,
        "f1": 0.2999304385453062,
        "roc_auc": 0.8112090388888887
    },
    "32": {
        "loss": 1.8442001232147216,
        "cen_accuracy": 0.3564,
        "kappa": 0.2848888888888891,
        "f1": 0.32127771073722583,
        "roc_auc": 0.8284800444444445
    },
    "33": {
        "loss": 1.9797849937438965,
        "cen_accuracy": 0.2728,
        "kappa": 0.19199999999999995,
        "f1": 0.23163142707279474,
        "roc_auc": 0.7849075055555556
    },
    "34": {
        "loss": 1.928956792449951,
        "cen_accuracy": 0.2992,
        "kappa": 0.2213333333333335,
        "f1": 0.25679839007652727,
        "roc_auc": 0.8047858833333332
    },
    "35": {
        "loss": 1.9356544956207276,
        "cen_accuracy": 0.312,
        "kappa": 0.23555555555555574,
        "f1": 0.27720464253472576,
        "roc_auc": 0.7987297555555555
    },
    "36": {
        "loss": 1.8931929683685302,
        "cen_accuracy": 0.3429,
        "kappa": 0.26988888888888907,
        "f1": 0.3056705329060413,
        "roc_auc": 0.8126664722222221
    },
    "37": {
        "loss": 1.992334309387207,
        "cen_accuracy": 0.2694,
        "kappa": 0.1882222222222224,
        "f1": 0.23740552616457228,
        "roc_auc": 0.7762802499999999
    },
    "38": {
        "loss": 2.0238094486236573,
        "cen_accuracy": 0.2467,
        "kappa": 0.16300000000000014,
        "f1": 0.1985474258244157,
        "roc_auc": 0.7788571888888888
    },
    "39": {
        "loss": 1.9198172567367553,
        "cen_accuracy": 0.3015,
        "kappa": 0.2238888888888887,
        "f1": 0.25943302109829036,
        "roc_auc": 0.8093303555555555
    },
    "40": {
        "loss": 1.9045382501602173,
        "cen_accuracy": 0.339,
        "kappa": 0.26555555555555543,
        "f1": 0.30386916669425157,