{
    "0": {
        "loss": 2.342493824660778,
        "accuracy": 0.082,
        "kappa": -0.026086975960726955,
        "f1": 0.04194550362641896,
        "roc": 0.4827752392591898
    },
    "1": {
        "loss": 2.2047479152679443,
        "accuracy": 0.194,
        "kappa": 0.11141000270104895,
        "f1": 0.12812966056275124,
        "roc": 0.7285596599544097
    },
    "2": {
        "loss": 1.735139861702919,
        "accuracy": 0.417,
        "kappa": 0.35120722196502985,
        "f1": 0.3964830899527377,
        "roc": 0.8545670242151694
    },
    "3": {
        "loss": 1.6649406030774117,
        "accuracy": 0.46,
        "kappa": 0.3999419943927913,
        "f1": 0.44681842432596913,
        "roc": 0.8680657321554539
    },
    "4": {
        "loss": 1.6256485544145107,
        "accuracy": 0.51,
        "kappa": 0.45555071600636443,
        "f1": 0.5027791799130131,
        "roc": 0.8779012013703216
    },
    "5": {
        "loss": 1.5604401752352715,
        "accuracy": 0.507,
        "kappa": 0.45161534320203245,
        "f1": 0.4987540637663207,
        "roc": 0.8860650391313026
    },
    "6": {
        "loss": 1.5033671669661999,
        "accuracy": 0.542,
        "kappa": 0.4903585405559988,
        "f1": 0.5342612755678245,
        "roc": 0.8977089323452272
    },
    "7": {
        "loss": 1.4592362493276596,
        "accuracy": 0.541,
        "kappa": 0.48982937626917455,
        "f1": 0.5335001414780678,
        "roc": 0.9004233795598016
    },
    "8": {
        "loss": 1.439330492168665,
        "accuracy": 0.578,
        "kappa": 0.5305989424015982,
        "f1": 0.5738712324347002,
        "roc": 0.9006741489143115
    },
    "9": {
        "loss": 1.4192676730453968,
        "accuracy": 0.572,
        "kappa": 0.5244581823191774,
        "f1": 0.5668636256204216,
        "roc": 0.9065634139020519
    },
    "10": {
        "loss": 1.3887812979519367,
        "accuracy": 0.583,
        "kappa": 0.5363513856088807,
        "f1": 0.5732437375192124,
        "roc": 0.911945211915173
    },
    "11": {
        "loss": 1.4009243063628674,
        "accuracy": 0.585,
        "kappa": 0.5381648339786043,
        "f1": 0.5763856260690355,
        "roc": 0.9117987904605348
    },
    "12": {
        "loss": 1.348536852747202,
        "accuracy": 0.614,
        "kappa": 0.5705924822535662,
        "f1": 0.6073335970234852,
        "roc": 0.920215637358672
    },
    "13": {
        "loss": 1.3474824652075768,
        "accuracy": 0.607,
        "kappa": 0.5625989856303193,
        "f1": 0.5949194197665344,
        "roc": 0.9187863941113152
    },
    "14": {
        "loss": 1.3432408533990383,
        "accuracy": 0.62,
        "kappa": 0.5770973744424364,
        "f1": 0.6097169417947604,
        "roc": 0.916225739605849
    },
    "15": {
        "loss": 1.349932000041008,
        "accuracy": 0.612,
        "kappa": 0.5682638308573412,
        "f1": 0.6033908747534948,
        "roc": 0.9206651162470678
    },
    "16": {
        "loss": 1.3214181214571,
        "accuracy": 0.622,
        "kappa": 0.579362500500759,
        "f1": 0.6148620025542206,
        "roc": 0.9220173169154229
    },
    "17": {
        "loss": 1.2967107072472572,
        "accuracy": 0.622,
        "kappa": 0.5788709061071518,
        "f1": 0.6117615302106766,
        "roc": 0.9238807047287978
    },
    "18": {
        "loss": 1.2742400355637074,
        "accuracy": 0.634,
        "kappa": 0.5929144875727693,
        "f1": 0.6284101859779614,
        "roc": 0.9257727949726972
    },
    "19": {
        "loss": 1.3232973739504814,
        "accuracy": 0.62,
        "kappa": 0.5772578048777774,
        "f1": 0.6142978485290137,
        "roc": 0.9206487807381196
    },
    "20": {
        "loss": 1.290719024837017,
        "accuracy": 0.618,
        "kappa": 0.5748062697152984,
        "f1": 0.6109812247435467,
        "roc": 0.9225986773713389
    },
    "21": {
        "loss": 1.256114773452282,
        "accuracy": 0.644,
        "kappa": 0.6035820150950624,
        "f1": 0.6354230744285723,
        "roc": 0.9323515297363649
    },
    "22": {
        "loss": 1.261378474533558,
        "accuracy": 0.632,
        "kappa": 0.5905925283136417,
        "f1": 0.6255527343263989,
        "roc": 0.9291733756776279
    },
    "23": {
        "loss": 1.2407199628651142,
        "accuracy": 0.655,
        "kappa": 0.6166083059310139,
        "f1": 0.6494324221791941,
        "roc": 0.9318957110581069
    },
    "24": {
        "loss": 1.2426335327327251,
        "accuracy": 0.645,
        "kappa": 0.6051066934971641,
        "f1": 0.6367146819741911,
        "roc": 0.9332512788167386
    },
    "25": {
        "loss": 1.2286352962255478,
        "accuracy": 0.645,
        "kappa": 0.605371395540141,
        "f1": 0.6396291089693344,
        "roc": 0.9338563354848033
    },
    "26": {
        "loss": 1.20718340203166,
        "accuracy": 0.652,
        "kappa": 0.6131360327100154,
        "f1": 0.6504331669446737,
        "roc": 0.9405744533670329
    },
    "27": {
        "loss": 1.1958884820342064,
        "accuracy": 0.673,
        "kappa": 0.6362981154236292,
        "f1": 0.6650461822232228,
        "roc": 0.9367669238351487
    },
    "28": {
        "loss": 1.1863528490066528,
        "accuracy": 0.662,
        "kappa": 0.6236059220819715,
        "f1": 0.6536215561396906,
        "roc": 0.9376366001836773
    },
    "29": {
        "loss": 1.2409535273909569,
        "accuracy": 0.648,
        "kappa": 0.608032658006267,
        "f1": 0.6456188458563175,
        "roc": 0.9337897357549739
    },
    "30": {
        "loss": 1.2187187727540731,
        "accuracy": 0.653,
        "kappa": 0.61418080132535,
        "f1": 0.6477458083151186,
        "roc": 0.9353036245741471
    },
    "31": {
        "loss": 1.1858991980552673,
        "accuracy": 0.662,
        "kappa": 0.6239141634148594,
        "f1": 0.6537305671774623,
        "roc": 0.9385387034884202
    },
    "32": {
        "loss": 1.1993226986378431,
        "accuracy": 0.673,
        "kappa": 0.6363462473045695,
        "f1": 0.6686479341360245,
        "roc": 0.9360726639323234
    },
    "33": {
        "loss": 1.1684267483651638,
        "accuracy": 0.672,
        "kappa": 0.6349223486513831,
        "f1": 0.6679714804591944,
        "roc": 0.9382647848706849
    },
    "34": {
        "loss": 1.1979856677353382,
        "accuracy": 0.659,
        "kappa": 0.6208811123192515,
        "f1": 0.6523274608484858,
        "roc": 0.9357245942030351
    },
    "35": {
        "loss": 1.1193226147443056,
        "accuracy": 0.696,
        "kappa": 0.6618743284757428,
        "f1": 0.6891112380080754,
        "roc": 0.9468485307438084
    },
    "36": {
        "loss": 1.1577685736119747,
        "accuracy": 0.665,
        "kappa": 0.6273732707617046,
        "f1": 0.6552297356157446,
        "roc": 0.9432603444213278
    },
    "37": {
        "loss": 1.1358893569558859,
        "accuracy": 0.677,
        "kappa": 0.6406215578109737,
        "f1": 0.6667914264681686,
        "roc": 0.9438652629100531
    },
    "38": {
        "loss": 1.145696233958006,
        "accuracy": 0.684,
        "kappa": 0.6483258194509209,
        "f1": 0.6744391467234818,
        "roc": 0.9423145322471344
    },
    "39": {
        "loss": 1.1506009977310896,
        "accuracy": 0.679,
        "kappa": 0.6428913121352429,
        "f1": 0.6695408170525011,
        "roc": 0.9433633621249067
    },
    "40": {
        "loss": 1.1216938588768244,
        "accuracy": 0.684,
        "kappa": 0.6487007486231515,
        "f1": 0.6772108673357472,
        "roc": 0.9469850963747891
    },
    "41": {
        "loss": 1.1211682725697756,
        "accuracy": 0.702,
        "kappa": 0.6682918141543668,
        "f1": 0.6944462083930452,
        "roc": 0.94727969126373
    },
    "42": {
        "loss": 1.1262044496834278,
        "accuracy": 0.702,
        "kappa": 0.6686716847711278,
        "f1": 0.6980582963642756,