{
    "0": {
        "loss": 2.322159491479397,
        "accuracy": 0.115,
        "kappa": 0.013614351075271869,
        "f1": 0.047187420003857436,
        "roc": 0.49664445943480356
    },
    "1": {
        "loss": 2.2860087230801582,
        "accuracy": 0.158,
        "kappa": 0.06953923406061036,
        "f1": 0.07636231616758635,
        "roc": 0.6319233989440878
    },
    "2": {
        "loss": 1.976919412612915,
        "accuracy": 0.404,
        "kappa": 0.3383658969804618,
        "f1": 0.39850668652858273,
        "roc": 0.8213973664664355
    },
    "3": {
        "loss": 1.954140655696392,
        "accuracy": 0.376,
        "kappa": 0.3086554345333259,
        "f1": 0.3732552393213429,
        "roc": 0.8201267288197878
    },
    "4": {
        "loss": 1.933679509907961,
        "accuracy": 0.402,
        "kappa": 0.3357009632336033,
        "f1": 0.3980456930447204,
        "roc": 0.8325905272191836
    },
    "5": {
        "loss": 1.988149031996727,
        "accuracy": 0.38,
        "kappa": 0.3121383178897291,
        "f1": 0.36208871958927835,
        "roc": 0.8168918110281153
    },
    "6": {
        "loss": 1.9489198625087738,
        "accuracy": 0.423,
        "kappa": 0.35950021035478363,
        "f1": 0.4108860041201462,
        "roc": 0.8389928197409505
    },
    "7": {
        "loss": 1.9069436341524124,
        "accuracy": 0.424,
        "kappa": 0.3620202691476989,
        "f1": 0.4269825915201432,
        "roc": 0.8472809756550568
    },
    "8": {
        "loss": 1.9343505315482616,
        "accuracy": 0.419,
        "kappa": 0.35533694462999,
        "f1": 0.4099478625033884,
        "roc": 0.8507127942177565
    },
    "9": {
        "loss": 1.8988686315715313,
        "accuracy": 0.452,
        "kappa": 0.3928549665682457,
        "f1": 0.44714007412562795,
        "roc": 0.8552615172538678
    },
    "10": {
        "loss": 1.8652924448251724,
        "accuracy": 0.459,
        "kappa": 0.40019380059825393,
        "f1": 0.4529154512197132,
        "roc": 0.8596793891298959
    },
    "11": {
        "loss": 1.872291848063469,
        "accuracy": 0.447,
        "kappa": 0.3874999030854276,
        "f1": 0.4463775300912177,
        "roc": 0.8552761927353292
    },
    "12": {
        "loss": 1.7704965621232986,
        "accuracy": 0.516,
        "kappa": 0.46262942969882825,
        "f1": 0.5110437980003032,
        "roc": 0.8758208380538395
    },
    "13": {
        "loss": 1.8231340683996677,
        "accuracy": 0.487,
        "kappa": 0.4306338942643856,
        "f1": 0.4839816711420781,
        "roc": 0.8665785975667957
    },
    "14": {
        "loss": 1.8417701050639153,
        "accuracy": 0.477,
        "kappa": 0.41986995325682563,
        "f1": 0.47076717687268166,
        "roc": 0.867432939164891
    },
    "15": {
        "loss": 1.812529306858778,
        "accuracy": 0.462,
        "kappa": 0.4051081088851195,
        "f1": 0.4681030731581437,
        "roc": 0.8682452575214512
    },
    "16": {
        "loss": 1.791926298290491,
        "accuracy": 0.5,
        "kappa": 0.4459232138226644,
        "f1": 0.4983514647820827,
        "roc": 0.8741696106077702
    },
    "17": {
        "loss": 1.780083067715168,
        "accuracy": 0.507,
        "kappa": 0.4539622624791222,
        "f1": 0.5050243903351375,
        "roc": 0.8843674000363496
    },
    "18": {
        "loss": 1.7927453368902206,
        "accuracy": 0.511,
        "kappa": 0.4570159863820942,
        "f1": 0.5112092054045577,
        "roc": 0.8722870929550961
    },
    "19": {
        "loss": 1.844421487301588,
        "accuracy": 0.474,
        "kappa": 0.41554776285906037,
        "f1": 0.46609521697162154,
        "roc": 0.8581437106509192
    },
    "20": {
        "loss": 1.7644968666136265,
        "accuracy": 0.503,
        "kappa": 0.4489857235194401,
        "f1": 0.5060125778840897,
        "roc": 0.8807389863752894
    },
    "21": {
        "loss": 1.7368075773119926,
        "accuracy": 0.547,
        "kappa": 0.4975905418369554,
        "f1": 0.5434079975803899,
        "roc": 0.8822928149541681
    },
    "22": {
        "loss": 1.8387665674090385,
        "accuracy": 0.484,
        "kappa": 0.42812241283577035,
        "f1": 0.489096746142908,
        "roc": 0.8644263791660256
    },
    "23": {
        "loss": 1.7653326578438282,
        "accuracy": 0.522,
        "kappa": 0.46958726565577547,
        "f1": 0.5224752646114774,
        "roc": 0.8768765464734851
    },
    "24": {
        "loss": 1.775706421583891,
        "accuracy": 0.539,
        "kappa": 0.48867543645599953,
        "f1": 0.5407408141497128,
        "roc": 0.8805717584914307
    },
    "25": {
        "loss": 1.7538390718400478,
        "accuracy": 0.53,
        "kappa": 0.4780173098344871,
        "f1": 0.5312623177122887,
        "roc": 0.8843917578334816
    },
    "26": {
        "loss": 1.7443884015083313,
        "accuracy": 0.542,
        "kappa": 0.49142360305279087,
        "f1": 0.5387730532020398,
        "roc": 0.8810399733758218
    },
    "27": {
        "loss": 1.7848204895853996,
        "accuracy": 0.502,
        "kappa": 0.4482575241387333,
        "f1": 0.5036187470033173,
        "roc": 0.8744646685945157
    },
    "28": {
        "loss": 1.7823864221572876,
        "accuracy": 0.515,
        "kappa": 0.46174863994424387,
        "f1": 0.5133915900786915,
        "roc": 0.8680157320105399
    },
    "29": {
        "loss": 1.746296837925911,
        "accuracy": 0.532,
        "kappa": 0.4813559660133008,
        "f1": 0.5330559856958689,
        "roc": 0.8823910189905734
    },
    "30": {
        "loss": 1.7071002461016178,
        "accuracy": 0.557,
        "kappa": 0.5084970104857669,
        "f1": 0.561340708047255,
        "roc": 0.8874979850558292
    },
    "31": {
        "loss": 1.8030827604234219,
        "accuracy": 0.519,
        "kappa": 0.4661664983407877,
        "f1": 0.5213238219510707,
        "roc": 0.8675261974297209
    },
    "32": {
        "loss": 1.7402233555912971,
        "accuracy": 0.559,
        "kappa": 0.5107127284588782,
        "f1": 0.5588396239978884,
        "roc": 0.8856422002720361
    },
    "33": {
        "loss": 1.7323395982384682,
        "accuracy": 0.558,
        "kappa": 0.5096190116937005,
        "f1": 0.5647600503999214,
        "roc": 0.8788978513150326
    },
    "34": {
        "loss": 1.7322419211268425,
        "accuracy": 0.564,
        "kappa": 0.5160244740651279,
        "f1": 0.5595336949089352,
        "roc": 0.883534349610055
    },
    "35": {
        "loss": 1.7272993139922619,
        "accuracy": 0.559,
        "kappa": 0.5103737480389969,
        "f1": 0.5571665628798262,
        "roc": 0.8836005667952443
    },
    "36": {
        "loss": 1.722082320600748,
        "accuracy": 0.559,
        "kappa": 0.5105112438120185,
        "f1": 0.5601198557902961,
        "roc": 0.8904269907735285
    },
    "37": {
        "loss": 1.7268461808562279,
        "accuracy": 0.537,
        "kappa": 0.4859947444905408,
        "f1": 0.5381434918131459,
        "roc": 0.8869002734266397
    },
    "38": {
        "loss": 1.6635150760412216,
        "accuracy": 0.572,
        "kappa": 0.5243947701204349,
        "f1": 0.5711517043271037,
        "roc": 0.8934925323950911
    },
    "39": {
        "loss": 1.7119960114359856,
        "accuracy": 0.55,
        "kappa": 0.5003053689412026,
        "f1": 0.5521851806826003,
        "roc": 0.8846644161911442
    },
    "40": {
        "loss": 1.6816102676093578,
        "accuracy": 0.563,
        "kappa": 0.5153937342738613,
        "f1": 0.5695251413118079,
        "roc": 0.8922503176400867
    },
    "41": {
        "loss": 1.721487384289503,
        "accuracy": 0.547,
        "kappa": 0.4974383779574032,
        "f1": 0.5501507212464388,
        "roc": 0.8881227385841388
    },
    "42": {
        "loss": 1.69147889316082,
        "accuracy": 0.544,
        "kappa": 0.49347459763999146,
        "f1": 0.540510821823798,