{
    "0": {
        "loss": 2.3193254247307777,
        "accuracy": 0.104,
        "kappa": 0.00237270509535914,
        "f1": 0.0658542058395522,
        "roc": 0.5008638391259812
    },
    "1": {
        "loss": 2.2532212287187576,
        "accuracy": 0.114,
        "kappa": 0.032529291649832315,
        "f1": 0.0639286448349671,
        "roc": 0.7158073540360281
    },
    "2": {
        "loss": 2.008931241929531,
        "accuracy": 0.395,
        "kappa": 0.32847392647399964,
        "f1": 0.396085798375747,
        "roc": 0.8274530897340183
    },
    "3": {
        "loss": 1.9953688234090805,
        "accuracy": 0.432,
        "kappa": 0.368047690147552,
        "f1": 0.42676960439273587,
        "roc": 0.8223746887777021
    },
    "4": {
        "loss": 1.928609438240528,
        "accuracy": 0.441,
        "kappa": 0.37820007274725453,
        "f1": 0.4340417628170698,
        "roc": 0.8375596898410997
    },
    "5": {
        "loss": 1.955407939851284,
        "accuracy": 0.432,
        "kappa": 0.3683210797261094,
        "f1": 0.4208846119871527,
        "roc": 0.8355449955655715
    },
    "6": {
        "loss": 1.9512143842875957,
        "accuracy": 0.449,
        "kappa": 0.3872065180762956,
        "f1": 0.4387482105960611,
        "roc": 0.8310073989761582
    },
    "7": {
        "loss": 1.9171105772256851,
        "accuracy": 0.469,
        "kappa": 0.40868267640688427,
        "f1": 0.45440867066127344,
        "roc": 0.8427957723815253
    },
    "8": {
        "loss": 1.9228973127901554,
        "accuracy": 0.457,
        "kappa": 0.3964708549885074,
        "f1": 0.4562574919106391,
        "roc": 0.8424811777604229
    },
    "9": {
        "loss": 1.878711748868227,
        "accuracy": 0.462,
        "kappa": 0.4021013138212395,
        "f1": 0.4590032304261079,
        "roc": 0.8521340306011422
    },
    "10": {
        "loss": 1.9084629192948341,
        "accuracy": 0.481,
        "kappa": 0.42394331335818847,
        "f1": 0.47802050442285615,
        "roc": 0.8473436756595975
    },
    "11": {
        "loss": 1.8599622249603271,
        "accuracy": 0.504,
        "kappa": 0.44849057652749214,
        "f1": 0.49686054955855247,
        "roc": 0.8565016168188097
    },
    "12": {
        "loss": 1.9291664734482765,
        "accuracy": 0.467,
        "kappa": 0.4080290365644804,
        "f1": 0.4599010982482987,
        "roc": 0.8487028305437917
    },
    "13": {
        "loss": 1.8565045483410358,
        "accuracy": 0.506,
        "kappa": 0.45067042672010216,
        "f1": 0.4965765752198948,
        "roc": 0.8575592550184886
    },
    "14": {
        "loss": 1.8205167315900326,
        "accuracy": 0.506,
        "kappa": 0.45071501560569793,
        "f1": 0.49375421738614467,
        "roc": 0.8639887433298321
    },
    "15": {
        "loss": 1.8339335732161999,
        "accuracy": 0.488,
        "kappa": 0.43171349480661625,
        "f1": 0.4896035618614237,
        "roc": 0.8686232677973911
    },
    "16": {
        "loss": 1.9090245813131332,
        "accuracy": 0.468,
        "kappa": 0.4097211820222375,
        "f1": 0.47047947178960675,
        "roc": 0.8483960056623981
    },
    "17": {
        "loss": 1.813297864049673,
        "accuracy": 0.511,
        "kappa": 0.4563162927219764,
        "f1": 0.5066498411568534,
        "roc": 0.8696321794756819
    },
    "18": {
        "loss": 1.82814347371459,
        "accuracy": 0.503,
        "kappa": 0.4470866360728689,
        "f1": 0.49350266322310166,
        "roc": 0.8693800933451298
    },
    "19": {
        "loss": 1.7957037836313248,
        "accuracy": 0.509,
        "kappa": 0.4543892771380217,
        "f1": 0.504994031383528,
        "roc": 0.8726181560951567
    },
    "20": {
        "loss": 1.863255001604557,
        "accuracy": 0.485,
        "kappa": 0.4277682405817874,
        "f1": 0.4758173020121772,
        "roc": 0.8610801753288848
    },
    "21": {
        "loss": 1.807631190866232,
        "accuracy": 0.501,
        "kappa": 0.44467567501396665,
        "f1": 0.4955706093032382,
        "roc": 0.870750449041662
    },
    "22": {
        "loss": 1.8085038736462593,
        "accuracy": 0.506,
        "kappa": 0.45073089483053264,
        "f1": 0.5071690281183631,
        "roc": 0.8691223057980164
    },
    "23": {
        "loss": 1.8514630496501923,
        "accuracy": 0.502,
        "kappa": 0.4459599578128547,
        "f1": 0.4971091599563322,
        "roc": 0.8546650067016044
    },
    "24": {
        "loss": 1.7802599184215069,
        "accuracy": 0.507,
        "kappa": 0.452012160216972,
        "f1": 0.5087432712495195,
        "roc": 0.8704747495477412
    },
    "25": {
        "loss": 1.7845827639102936,
        "accuracy": 0.55,
        "kappa": 0.4996258313160842,
        "f1": 0.5451859983845662,
        "roc": 0.8779560350860267
    },
    "26": {
        "loss": 1.7699244283139706,
        "accuracy": 0.545,
        "kappa": 0.49371933802968915,
        "f1": 0.5391881763860296,
        "roc": 0.8812506728741354
    },
    "27": {
        "loss": 1.767545972019434,
        "accuracy": 0.533,
        "kappa": 0.48039174234551396,
        "f1": 0.5310518395369437,
        "roc": 0.8793254584368817
    },
    "28": {
        "loss": 1.751172922551632,
        "accuracy": 0.532,
        "kappa": 0.47913536470541107,
        "f1": 0.5218128930220564,
        "roc": 0.8822154882486128
    },
    "29": {
        "loss": 1.7221160121262074,
        "accuracy": 0.566,
        "kappa": 0.516524501847567,
        "f1": 0.5549702993670366,
        "roc": 0.8807676803113085
    },
    "30": {
        "loss": 1.7706317231059074,
        "accuracy": 0.554,
        "kappa": 0.5037977274825969,
        "f1": 0.550247898844672,
        "roc": 0.8751457201815172
    },
    "31": {
        "loss": 1.7025066204369068,
        "accuracy": 0.569,
        "kappa": 0.5207793839513352,
        "f1": 0.5625381474371812,
        "roc": 0.8900068367888645
    },
    "32": {
        "loss": 1.7023990154266357,
        "accuracy": 0.579,
        "kappa": 0.5322445705371854,
        "f1": 0.5743091227497874,
        "roc": 0.8963652053578558
    },
    "33": {
        "loss": 1.6777519211173058,
        "accuracy": 0.574,
        "kappa": 0.5260589689446247,
        "f1": 0.5682837970549792,
        "roc": 0.8944984032732443
    },
    "34": {
        "loss": 1.712670274078846,
        "accuracy": 0.555,
        "kappa": 0.5048232441532978,
        "f1": 0.5497612824747711,
        "roc": 0.8887357333140044
    },
    "35": {
        "loss": 1.6798131614923477,
        "accuracy": 0.568,
        "kappa": 0.519462331742294,
        "f1": 0.5659660288919219,
        "roc": 0.8961947524088636
    },
    "36": {
        "loss": 1.6961608789861202,
        "accuracy": 0.549,
        "kappa": 0.49811151939782294,
        "f1": 0.5482249375793149,
        "roc": 0.8850860085032837
    },
    "37": {
        "loss": 1.6980356760323048,
        "accuracy": 0.572,
        "kappa": 0.5233131075530371,
        "f1": 0.5661659029749823,
        "roc": 0.8883687708890488
    },
    "38": {
        "loss": 1.7084150612354279,
        "accuracy": 0.566,
        "kappa": 0.517636820537557,
        "f1": 0.5578531450575273,
        "roc": 0.8921148227078589
    },
    "39": {
        "loss": 1.7513107545673847,
        "accuracy": 0.55,
        "kappa": 0.4998577373119465,
        "f1": 0.5458110965135846,
        "roc": 0.87481968324353
    },
    "40": {
        "loss": 1.6906577460467815,
        "accuracy": 0.554,
        "kappa": 0.5041088914609999,
        "f1": 0.5568734367777718,
        "roc": 0.8934376503887138
    },
    "41": {
        "loss": 1.6283614039421082,
        "accuracy": 0.597,
        "kappa": 0.5514517159476167,
        "f1": 0.5901166263928858,
        "roc": 0.9029759457355707
    },
    "42": {
        "loss": 1.6951178461313248,
        "accuracy": 0.593,
        "kappa": 0.5469658398886004,
        "f1": 0.5868695348951064,