{
    "0": {
        "loss": 2.340525284409523,
        "accuracy": 0.076,
        "kappa": -0.03680896233825126,
        "f1": 0.04676824155144241,
        "roc": 0.4984427456454653
    },
    "1": {
        "loss": 2.269829109311104,
        "accuracy": 0.133,
        "kappa": 0.029262093636460373,
        "f1": 0.0715317520390369,
        "roc": 0.698936662508347
    },
    "2": {
        "loss": 1.954467661678791,
        "accuracy": 0.353,
        "kappa": 0.2808370301125874,
        "f1": 0.3188531375230722,
        "roc": 0.8182235098035389
    },
    "3": {
        "loss": 1.9631531722843647,
        "accuracy": 0.364,
        "kappa": 0.2889254612760658,
        "f1": 0.32537064087939055,
        "roc": 0.8162694695083321
    },
    "4": {
        "loss": 1.9119147211313248,
        "accuracy": 0.387,
        "kappa": 0.31526129539605396,
        "f1": 0.34969962884317635,
        "roc": 0.8288723319125657
    },
    "5": {
        "loss": 1.8928111232817173,
        "accuracy": 0.397,
        "kappa": 0.3262742968616449,
        "f1": 0.3709290845096311,
        "roc": 0.8359974039791436
    },
    "6": {
        "loss": 1.8477329276502132,
        "accuracy": 0.476,
        "kappa": 0.4157146011137104,
        "f1": 0.45840782507642386,
        "roc": 0.8549431860042738
    },
    "7": {
        "loss": 1.86922612413764,
        "accuracy": 0.444,
        "kappa": 0.37968997886929545,
        "f1": 0.4149523590592345,
        "roc": 0.850583098993025
    },
    "8": {
        "loss": 1.892262652516365,
        "accuracy": 0.433,
        "kappa": 0.3670024047210234,
        "f1": 0.39285842955174255,
        "roc": 0.8375938516074244
    },
    "9": {
        "loss": 1.8778488375246525,
        "accuracy": 0.455,
        "kappa": 0.3918347397387456,
        "f1": 0.415492737505184,
        "roc": 0.8487975357450506
    },
    "10": {
        "loss": 1.855195950716734,
        "accuracy": 0.451,
        "kappa": 0.38770935265599193,
        "f1": 0.42810022884535154,
        "roc": 0.8543043923600859
    },
    "11": {
        "loss": 1.8793193474411964,
        "accuracy": 0.437,
        "kappa": 0.3710066463258632,
        "f1": 0.40221819184356383,
        "roc": 0.8487601814105021
    },
    "12": {
        "loss": 1.8980646878480911,
        "accuracy": 0.451,
        "kappa": 0.3868737373116926,
        "f1": 0.43043551599034774,
        "roc": 0.8429467954292983
    },
    "13": {
        "loss": 1.841611348092556,
        "accuracy": 0.468,
        "kappa": 0.40653944448968515,
        "f1": 0.4431826529209184,
        "roc": 0.848232032458308
    },
    "14": {
        "loss": 1.8133295066654682,
        "accuracy": 0.498,
        "kappa": 0.44030682781073005,
        "f1": 0.4815745915176331,
        "roc": 0.8593523348874003
    },
    "15": {
        "loss": 1.8062316998839378,
        "accuracy": 0.471,
        "kappa": 0.40996106189162695,
        "f1": 0.45279355016931955,
        "roc": 0.8654364260242007
    },
    "16": {
        "loss": 1.807476345449686,
        "accuracy": 0.485,
        "kappa": 0.42506985680332143,
        "f1": 0.4627360384429144,
        "roc": 0.8591334363815546
    },
    "17": {
        "loss": 1.792943313717842,
        "accuracy": 0.508,
        "kappa": 0.4515435370759915,
        "f1": 0.49432515122039905,
        "roc": 0.8691234362854965
    },
    "18": {
        "loss": 1.8399981558322906,
        "accuracy": 0.435,
        "kappa": 0.3703297131935429,
        "f1": 0.4234975090345503,
        "roc": 0.8626422986830683
    },
    "19": {
        "loss": 1.8400332294404507,
        "accuracy": 0.469,
        "kappa": 0.40734887396286046,
        "f1": 0.4486841648469858,
        "roc": 0.8534061134344159
    },
    "20": {
        "loss": 1.8435009084641933,
        "accuracy": 0.495,
        "kappa": 0.4367799426742357,
        "f1": 0.47663116947812456,
        "roc": 0.8594898751320326
    },
    "21": {
        "loss": 1.854501698166132,
        "accuracy": 0.459,
        "kappa": 0.39624376574258113,
        "f1": 0.4343556682207737,
        "roc": 0.8529856831542318
    },
    "22": {
        "loss": 1.7891001626849174,
        "accuracy": 0.492,
        "kappa": 0.4332823882461875,
        "f1": 0.470315786658478,
        "roc": 0.8737646653087306
    },
    "23": {
        "loss": 1.7801869362592697,
        "accuracy": 0.499,
        "kappa": 0.44095927371571275,
        "f1": 0.4836664976447427,
        "roc": 0.8728161040700728
    },
    "24": {
        "loss": 1.8265909776091576,
        "accuracy": 0.489,
        "kappa": 0.43029344904359534,
        "f1": 0.47416533294089025,
        "roc": 0.8668396497601989
    },
    "25": {
        "loss": 1.8015532083809376,
        "accuracy": 0.512,
        "kappa": 0.4564811834453969,
        "f1": 0.5023235495963767,
        "roc": 0.8755825553111366
    },
    "26": {
        "loss": 1.775024101138115,
        "accuracy": 0.506,
        "kappa": 0.4490345836753632,
        "f1": 0.48712248038927763,
        "roc": 0.8787402062854681
    },
    "27": {
        "loss": 1.7518571317195892,
        "accuracy": 0.516,
        "kappa": 0.459998014042283,
        "f1": 0.49640484912302485,
        "roc": 0.8755337008436396
    },
    "28": {
        "loss": 1.801893875002861,
        "accuracy": 0.498,
        "kappa": 0.4398190459292588,
        "f1": 0.4745465825365568,
        "roc": 0.8713260170400924
    },
    "29": {
        "loss": 1.7516081184148788,
        "accuracy": 0.527,
        "kappa": 0.47280604277961613,
        "f1": 0.5129678449569687,
        "roc": 0.8802190122809852
    },
    "30": {
        "loss": 1.7115913219749928,
        "accuracy": 0.546,
        "kappa": 0.4940979956697462,
        "f1": 0.5317646284878281,
        "roc": 0.8872144146267397
    },
    "31": {
        "loss": 1.7371260188519955,
        "accuracy": 0.546,
        "kappa": 0.494016240518377,
        "f1": 0.520557126580879,
        "roc": 0.8788360437654189
    },
    "32": {
        "loss": 1.6706815585494041,
        "accuracy": 0.555,
        "kappa": 0.5039107440669954,
        "f1": 0.5303070161579055,
        "roc": 0.8922102425052355
    },
    "33": {
        "loss": 1.736034084111452,
        "accuracy": 0.525,
        "kappa": 0.4699849698895672,
        "f1": 0.5080145406332368,
        "roc": 0.8815324665791129
    },
    "34": {
        "loss": 1.7435144558548927,
        "accuracy": 0.541,
        "kappa": 0.4884140836593439,
        "f1": 0.5259832755708933,
        "roc": 0.8871263574043086
    },
    "35": {
        "loss": 1.728240080177784,
        "accuracy": 0.548,
        "kappa": 0.49644223067179294,
        "f1": 0.5343700295078422,
        "roc": 0.885298096472539
    },
    "36": {
        "loss": 1.746788278222084,
        "accuracy": 0.545,
        "kappa": 0.49302378442702766,
        "f1": 0.5228546343965059,
        "roc": 0.8828686474295366
    },
    "37": {
        "loss": 1.6828767880797386,
        "accuracy": 0.553,
        "kappa": 0.5018127551537861,
        "f1": 0.5402709489450563,
        "roc": 0.892106613782359
    },
    "38": {
        "loss": 1.6754072904586792,
        "accuracy": 0.557,
        "kappa": 0.5060770363730223,
        "f1": 0.5404481931882235,
        "roc": 0.8946967857576942
    },
    "39": {
        "loss": 1.716286577284336,
        "accuracy": 0.54,
        "kappa": 0.4875005849178108,
        "f1": 0.5202192419114912,
        "roc": 0.8859801316258299
    },
    "40": {
        "loss": 1.723748542368412,
        "accuracy": 0.528,
        "kappa": 0.47419606025802263,
        "f1": 0.5172309878744956,
        "roc": 0.8809236842259869
    },
    "41": {
        "loss": 1.7311352230608463,
        "accuracy": 0.572,
        "kappa": 0.5230639796299288,
        "f1": 0.5596985107538264,
        "roc": 0.8866756818773844
    },
    "42": {
        "loss": 1.7512875348329544,
        "accuracy": 0.548,
        "kappa": 0.49607731868538607,
        "f1": 0.5305862825232225,