{
    "0": {
        "loss": 2.3351470455527306,
        "accuracy": 0.092,
        "kappa": -0.010293196431929275,
        "f1": 0.05252530570037506,
        "roc": 0.501831567291011
    },
    "1": {
        "loss": 2.3026908487081528,
        "accuracy": 0.099,
        "kappa": 0.0033847311019179482,
        "f1": 0.023149941882991087,
        "roc": 0.5209880140622878
    },
    "2": {
        "loss": 1.9913848638534546,
        "accuracy": 0.331,
        "kappa": 0.2570604246416065,
        "f1": 0.27968406877574326,
        "roc": 0.8077837050476585
    },
    "3": {
        "loss": 1.9736412987113,
        "accuracy": 0.356,
        "kappa": 0.281424030117706,
        "f1": 0.30570834349185777,
        "roc": 0.8095999283596056
    },
    "4": {
        "loss": 1.9358249828219414,
        "accuracy": 0.391,
        "kappa": 0.3214862681744749,
        "f1": 0.3555268184749173,
        "roc": 0.8237014713651682
    },
    "5": {
        "loss": 1.9381689988076687,
        "accuracy": 0.375,
        "kappa": 0.30233310970783944,
        "f1": 0.32705956708188083,
        "roc": 0.8201451979203837
    },
    "6": {
        "loss": 1.9467156119644642,
        "accuracy": 0.409,
        "kappa": 0.34151958561415285,
        "f1": 0.37798736612692724,
        "roc": 0.8248395271924768
    },
    "7": {
        "loss": 1.93283037468791,
        "accuracy": 0.414,
        "kappa": 0.34637242271634683,
        "f1": 0.3883323608257137,
        "roc": 0.8207506132511646
    },
    "8": {
        "loss": 1.9070443660020828,
        "accuracy": 0.449,
        "kappa": 0.3859102626543166,
        "f1": 0.440933765549773,
        "roc": 0.8316278678337211
    },
    "9": {
        "loss": 1.885852262377739,
        "accuracy": 0.438,
        "kappa": 0.3730855124747059,
        "f1": 0.4191904368393745,
        "roc": 0.8318290062659116
    },
    "10": {
        "loss": 1.8735512644052505,
        "accuracy": 0.434,
        "kappa": 0.36888186159779934,
        "f1": 0.41048146388946466,
        "roc": 0.830032227756606
    },
    "11": {
        "loss": 1.9329799190163612,
        "accuracy": 0.425,
        "kappa": 0.35876132762054724,
        "f1": 0.40466766426022865,
        "roc": 0.8266929045472621
    },
    "12": {
        "loss": 1.9218729473650455,
        "accuracy": 0.42,
        "kappa": 0.3530764005617082,
        "f1": 0.391000797721931,
        "roc": 0.8255431815002243
    },
    "13": {
        "loss": 1.8560176752507687,
        "accuracy": 0.477,
        "kappa": 0.41737276334639695,
        "f1": 0.4593120845150544,
        "roc": 0.8453308360474214
    },
    "14": {
        "loss": 1.9071086086332798,
        "accuracy": 0.468,
        "kappa": 0.4073922250305494,
        "f1": 0.4453591240662223,
        "roc": 0.8386117426171911
    },
    "15": {
        "loss": 1.8541228733956814,
        "accuracy": 0.489,
        "kappa": 0.4309076188217005,
        "f1": 0.46691448630446963,
        "roc": 0.8501599698455033
    },
    "16": {
        "loss": 1.8957054950296879,
        "accuracy": 0.451,
        "kappa": 0.38904283377291093,
        "f1": 0.43250840065465335,
        "roc": 0.8342930643688101
    },
    "17": {
        "loss": 1.8717285580933094,
        "accuracy": 0.479,
        "kappa": 0.4196137144945069,
        "f1": 0.4675308892333151,
        "roc": 0.8465132868731822
    },
    "18": {
        "loss": 1.8526196703314781,
        "accuracy": 0.47,
        "kappa": 0.40923773833913313,
        "f1": 0.4425057565834333,
        "roc": 0.8514771073398204
    },
    "19": {
        "loss": 1.887711938470602,
        "accuracy": 0.468,
        "kappa": 0.4080417308325692,
        "f1": 0.45514432979621605,
        "roc": 0.8385076907608131
    },
    "20": {
        "loss": 1.896362330764532,
        "accuracy": 0.49,
        "kappa": 0.4327137306636025,
        "f1": 0.48003431120420004,
        "roc": 0.8440016678251838
    },
    "21": {
        "loss": 1.8339924812316895,
        "accuracy": 0.499,
        "kappa": 0.44210783020034006,
        "f1": 0.47580755716128886,
        "roc": 0.8567823709288392
    },
    "22": {
        "loss": 1.8619256541132927,
        "accuracy": 0.491,
        "kappa": 0.4335059526393169,
        "f1": 0.4772062146837225,
        "roc": 0.8463192656426821
    },
    "23": {
        "loss": 1.8670171350240707,
        "accuracy": 0.496,
        "kappa": 0.4390320185831774,
        "f1": 0.4851194746439316,
        "roc": 0.8527870846147154
    },
    "24": {
        "loss": 1.906857967376709,
        "accuracy": 0.465,
        "kappa": 0.4045485810448336,
        "f1": 0.44207105007569114,
        "roc": 0.8314067820119184
    },
    "25": {
        "loss": 1.8369201309978962,
        "accuracy": 0.496,
        "kappa": 0.43903576480906614,
        "f1": 0.48271127347279774,
        "roc": 0.8578861833206683
    },
    "26": {
        "loss": 1.7804356068372726,
        "accuracy": 0.521,
        "kappa": 0.4668512837864913,
        "f1": 0.5069154410190873,
        "roc": 0.8623275287657887
    },
    "27": {
        "loss": 1.8468395434319973,
        "accuracy": 0.504,
        "kappa": 0.447690992018244,
        "f1": 0.49528487831849366,
        "roc": 0.8455780691870893
    },
    "28": {
        "loss": 1.79993437230587,
        "accuracy": 0.516,
        "kappa": 0.4610521064622525,
        "f1": 0.48857187033606103,
        "roc": 0.8639247411880628
    },
    "29": {
        "loss": 1.7938568517565727,
        "accuracy": 0.53,
        "kappa": 0.4772114234865549,
        "f1": 0.5250272469404142,
        "roc": 0.8649410552398338
    },
    "30": {
        "loss": 1.807361975312233,
        "accuracy": 0.511,
        "kappa": 0.4556929618539832,
        "f1": 0.49331259540586075,
        "roc": 0.8590597704418308
    },
    "31": {
        "loss": 1.8105728216469288,
        "accuracy": 0.514,
        "kappa": 0.45881420178435417,
        "f1": 0.5049107780747615,
        "roc": 0.86040468173358
    },
    "32": {
        "loss": 1.7846306785941124,
        "accuracy": 0.532,
        "kappa": 0.478888875279624,
        "f1": 0.5110750606128536,
        "roc": 0.8593605368783482
    },
    "33": {
        "loss": 1.8136916868388653,
        "accuracy": 0.513,
        "kappa": 0.4576825338141064,
        "f1": 0.5025813678236017,
        "roc": 0.8578951204447586
    },
    "34": {
        "loss": 1.760841578245163,
        "accuracy": 0.533,
        "kappa": 0.4801696405712569,
        "f1": 0.5196301933441124,
        "roc": 0.8614519590542178
    },
    "35": {
        "loss": 1.7894797883927822,
        "accuracy": 0.506,
        "kappa": 0.4511519697978039,
        "f1": 0.50641390975528,
        "roc": 0.8654499712447944
    },
    "36": {
        "loss": 1.7391259483993053,
        "accuracy": 0.537,
        "kappa": 0.48520091618670635,
        "f1": 0.5329205420170356,
        "roc": 0.8738536030076224
    },
    "37": {
        "loss": 1.7983564659953117,
        "accuracy": 0.508,
        "kappa": 0.4531182265024243,
        "f1": 0.5034937218333024,
        "roc": 0.8646856756185823
    },
    "38": {
        "loss": 1.8285283297300339,
        "accuracy": 0.497,
        "kappa": 0.44097446042365906,
        "f1": 0.4849476952458579,
        "roc": 0.8531139161417606
    },
    "39": {
        "loss": 1.740682177245617,
        "accuracy": 0.555,
        "kappa": 0.5056231203957682,
        "f1": 0.5531542037289046,
        "roc": 0.8765482195392587
    },
    "40": {
        "loss": 1.7533929236233234,
        "accuracy": 0.521,
        "kappa": 0.4674333846998838,
        "f1": 0.5158363942831536,
        "roc": 0.8693648273345701
    },
    "41": {
        "loss": 1.7544575743377209,
        "accuracy": 0.522,
        "kappa": 0.4688387236572342,
        "f1": 0.5170167654666157,
        "roc": 0.8716708588947197
    },
    "42": {
        "loss": 1.769246332347393,
        "accuracy": 0.535,
        "kappa": 0.48309325886911925,
        "f1": 0.5301660677713674,