{
    "0": {
        "loss": 2.339729882776737,
        "accuracy": 0.069,
        "kappa": -0.03327340125635381,
        "f1": 0.04573441684119121,
        "roc": 0.4876543209833815
    },
    "1": {
        "loss": 2.260244645178318,
        "accuracy": 0.16,
        "kappa": 0.06431497831215782,
        "f1": 0.10363638617613333,
        "roc": 0.720981709466007
    },
    "2": {
        "loss": 1.8189792670309544,
        "accuracy": 0.426,
        "kappa": 0.3636815126199471,
        "f1": 0.39076655092718793,
        "roc": 0.8486007709919903
    },
    "3": {
        "loss": 1.6062403544783592,
        "accuracy": 0.498,
        "kappa": 0.44154028085406505,
        "f1": 0.4798942431461044,
        "roc": 0.874227293395759
    },
    "4": {
        "loss": 1.5994289182126522,
        "accuracy": 0.5,
        "kappa": 0.44425178506326635,
        "f1": 0.4829238352883066,
        "roc": 0.8816825410649921
    },
    "5": {
        "loss": 1.5308134034276009,
        "accuracy": 0.524,
        "kappa": 0.4706223190523695,
        "f1": 0.5097865884697554,
        "roc": 0.892267210951284
    },
    "6": {
        "loss": 1.4681819044053555,
        "accuracy": 0.553,
        "kappa": 0.5027366172740623,
        "f1": 0.5424754350968245,
        "roc": 0.9039570181454272
    },
    "7": {
        "loss": 1.4419209510087967,
        "accuracy": 0.585,
        "kappa": 0.5387623047658635,
        "f1": 0.5754270834256102,
        "roc": 0.9116361255236185
    },
    "8": {
        "loss": 1.3952918350696564,
        "accuracy": 0.592,
        "kappa": 0.5462451788550253,
        "f1": 0.5822728790054427,
        "roc": 0.9146927573250286
    },
    "9": {
        "loss": 1.3897882737219334,
        "accuracy": 0.609,
        "kappa": 0.5646703853390784,
        "f1": 0.5949872314095097,
        "roc": 0.9117358478359628
    },
    "10": {
        "loss": 1.348680354654789,
        "accuracy": 0.606,
        "kappa": 0.5615996937874004,
        "f1": 0.5932613224876241,
        "roc": 0.9259864946852113
    },
    "11": {
        "loss": 1.3425128944218159,
        "accuracy": 0.624,
        "kappa": 0.5817035346051327,
        "f1": 0.614363516663577,
        "roc": 0.9258117845741207
    },
    "12": {
        "loss": 1.353621855378151,
        "accuracy": 0.609,
        "kappa": 0.5649464806284353,
        "f1": 0.5980129051135263,
        "roc": 0.9198090462865615
    },
    "13": {
        "loss": 1.374796785414219,
        "accuracy": 0.597,
        "kappa": 0.5513793137995946,
        "f1": 0.5834618831775962,
        "roc": 0.9171481389828525
    },
    "14": {
        "loss": 1.308816123753786,
        "accuracy": 0.627,
        "kappa": 0.584606149833564,
        "f1": 0.613426441537957,
        "roc": 0.9197929959903816
    },
    "15": {
        "loss": 1.3101374544203281,
        "accuracy": 0.64,
        "kappa": 0.5995719869460467,
        "f1": 0.6311180616037491,
        "roc": 0.9278146016551465
    },
    "16": {
        "loss": 1.3054318502545357,
        "accuracy": 0.643,
        "kappa": 0.6029795439936476,
        "f1": 0.6364580202483356,
        "roc": 0.9269074772157915
    },
    "17": {
        "loss": 1.3033711798489094,
        "accuracy": 0.633,
        "kappa": 0.5915773682670082,
        "f1": 0.6256468866948205,
        "roc": 0.923034004008515
    },
    "18": {
        "loss": 1.275678714737296,
        "accuracy": 0.65,
        "kappa": 0.610507397577356,
        "f1": 0.6409653364470573,
        "roc": 0.927333800862901
    },
    "19": {
        "loss": 1.2984148114919662,
        "accuracy": 0.626,
        "kappa": 0.5837645932801354,
        "f1": 0.6179612000472063,
        "roc": 0.9268729063151244
    },
    "20": {
        "loss": 1.262795526534319,
        "accuracy": 0.649,
        "kappa": 0.609226268010661,
        "f1": 0.6379125709451554,
        "roc": 0.9358410098722668
    },
    "21": {
        "loss": 1.2690268382430077,
        "accuracy": 0.637,
        "kappa": 0.5962579900321325,
        "f1": 0.6293673325649439,
        "roc": 0.9317641077375741
    },
    "22": {
        "loss": 1.2270645629614592,
        "accuracy": 0.663,
        "kappa": 0.6251256996912015,
        "f1": 0.6581690535318091,
        "roc": 0.9365138627615444
    },
    "23": {
        "loss": 1.2592339739203453,
        "accuracy": 0.652,
        "kappa": 0.6129045175600081,
        "f1": 0.6420193585365046,
        "roc": 0.9337633024584407
    },
    "24": {
        "loss": 1.2327677756547928,
        "accuracy": 0.654,
        "kappa": 0.615454719237489,
        "f1": 0.6488218144511946,
        "roc": 0.933992423040188
    },
    "25": {
        "loss": 1.1950048618018627,
        "accuracy": 0.673,
        "kappa": 0.6361042455617516,
        "f1": 0.6642075819489317,
        "roc": 0.9382173243561986
    },
    "26": {
        "loss": 1.264989696443081,
        "accuracy": 0.653,
        "kappa": 0.6141567768858782,
        "f1": 0.6465406550383974,
        "roc": 0.9338226047409807
    },
    "27": {
        "loss": 1.2027566730976105,
        "accuracy": 0.667,
        "kappa": 0.6297601668636461,
        "f1": 0.65880124517442,
        "roc": 0.9361792984271071
    },
    "28": {
        "loss": 1.1979301236569881,
        "accuracy": 0.685,
        "kappa": 0.649518282350297,
        "f1": 0.6771783992366577,
        "roc": 0.9405092461871056
    },
    "29": {
        "loss": 1.2183157075196505,
        "accuracy": 0.651,
        "kappa": 0.6118323293619368,
        "f1": 0.6407757297553418,
        "roc": 0.9345135965653094
    },
    "30": {
        "loss": 1.1864111870527267,
        "accuracy": 0.682,
        "kappa": 0.6461992565734064,
        "f1": 0.6743619591045037,
        "roc": 0.9396842738445365
    },
    "31": {
        "loss": 1.172317584976554,
        "accuracy": 0.677,
        "kappa": 0.6406019638932933,
        "f1": 0.6661072280727536,
        "roc": 0.9392923916587875
    },
    "32": {
        "loss": 1.1948514599353075,
        "accuracy": 0.668,
        "kappa": 0.6307788120419489,
        "f1": 0.6612316130235848,
        "roc": 0.9360018873794381
    },
    "33": {
        "loss": 1.1692344900220633,
        "accuracy": 0.676,
        "kappa": 0.6396023612719367,
        "f1": 0.6694098106282471,
        "roc": 0.9398302814625177
    },
    "34": {
        "loss": 1.2324834167957306,
        "accuracy": 0.665,
        "kappa": 0.6273467421762282,
        "f1": 0.6581976404839349,
        "roc": 0.9366435939009653
    },
    "35": {
        "loss": 1.1770453918725252,
        "accuracy": 0.675,
        "kappa": 0.63858007564241,
        "f1": 0.6681056895618271,
        "roc": 0.9382696834203257
    },
    "36": {
        "loss": 1.1786187440156937,
        "accuracy": 0.672,
        "kappa": 0.6354040456812053,
        "f1": 0.6668594408925126,
        "roc": 0.9392680304806431
    },
    "37": {
        "loss": 1.1412445232272148,
        "accuracy": 0.695,
        "kappa": 0.6606881022786184,
        "f1": 0.6865854698213666,
        "roc": 0.9444497614391381
    },
    "38": {
        "loss": 1.1630365177989006,
        "accuracy": 0.665,
        "kappa": 0.6271908104204064,
        "f1": 0.6569738644613292,
        "roc": 0.9398302618016835
    },
    "39": {
        "loss": 1.1334384083747864,
        "accuracy": 0.693,
        "kappa": 0.6583490804359777,
        "f1": 0.6842227541457103,
        "roc": 0.9450078486561212
    },
    "40": {
        "loss": 1.1777229476720095,
        "accuracy": 0.667,
        "kappa": 0.6296588746745613,
        "f1": 0.6645441214449783,
        "roc": 0.9410015430331296
    },
    "41": {
        "loss": 1.1407268438488245,
        "accuracy": 0.696,
        "kappa": 0.6618017290386603,
        "f1": 0.6889194405402463,
        "roc": 0.9453842150286607
    },
    "42": {
        "loss": 1.1665661707520485,
        "accuracy": 0.674,
        "kappa": 0.637597784677501,
        "f1": 0.6698430606761608,