{
    "0": {
        "loss": 2.3222416788339615,
        "accuracy": 0.116,
        "kappa": 0.024012171142336336,
        "f1": 0.055257939001973136,
        "roc": 0.527914030310636
    },
    "1": {
        "loss": 2.2795335352420807,
        "accuracy": 0.141,
        "kappa": 0.05608959566790195,
        "f1": 0.08507339882519593,
        "roc": 0.6482344870892601
    },
    "2": {
        "loss": 2.0054751932621,
        "accuracy": 0.343,
        "kappa": 0.2704571801670953,
        "f1": 0.3164820575193904,
        "roc": 0.813664039309046
    },
    "3": {
        "loss": 1.9308171160519123,
        "accuracy": 0.415,
        "kappa": 0.3488445608485279,
        "f1": 0.39813135363552954,
        "roc": 0.8305976978759773
    },
    "4": {
        "loss": 1.9525862336158752,
        "accuracy": 0.441,
        "kappa": 0.377167795898221,
        "f1": 0.418121389311354,
        "roc": 0.824891660399697
    },
    "5": {
        "loss": 1.9433338455855846,
        "accuracy": 0.405,
        "kappa": 0.33838532660969733,
        "f1": 0.3782235731152827,
        "roc": 0.831762005611694
    },
    "6": {
        "loss": 1.9590892419219017,
        "accuracy": 0.464,
        "kappa": 0.403157253588016,
        "f1": 0.4478622809188167,
        "roc": 0.834762708459377
    },
    "7": {
        "loss": 1.9797539338469505,
        "accuracy": 0.422,
        "kappa": 0.35696755689947113,
        "f1": 0.40720491956335014,
        "roc": 0.8264168752069402
    },
    "8": {
        "loss": 1.8800061456859112,
        "accuracy": 0.466,
        "kappa": 0.40558086103949875,
        "f1": 0.44961713543371273,
        "roc": 0.8520479124718234
    },
    "9": {
        "loss": 1.9031915441155434,
        "accuracy": 0.471,
        "kappa": 0.4112311279542785,
        "f1": 0.4551760618963375,
        "roc": 0.8493939620093632
    },
    "10": {
        "loss": 1.8802152089774609,
        "accuracy": 0.476,
        "kappa": 0.41687587913751034,
        "f1": 0.45775389365133173,
        "roc": 0.8478016466253193
    },
    "11": {
        "loss": 1.9266741052269936,
        "accuracy": 0.473,
        "kappa": 0.41375723765080175,
        "f1": 0.46669750505098184,
        "roc": 0.836446655308212
    },
    "12": {
        "loss": 1.8916834071278572,
        "accuracy": 0.456,
        "kappa": 0.3954702496907897,
        "f1": 0.44574551013289226,
        "roc": 0.8458446529590594
    },
    "13": {
        "loss": 1.9307907037436962,
        "accuracy": 0.436,
        "kappa": 0.3730783852099854,
        "f1": 0.4255933345967061,
        "roc": 0.8425705093897013
    },
    "14": {
        "loss": 1.8752662912011147,
        "accuracy": 0.462,
        "kappa": 0.40193515109474764,
        "f1": 0.45548509622242916,
        "roc": 0.8529555399862023
    },
    "15": {
        "loss": 1.8431499600410461,
        "accuracy": 0.5,
        "kappa": 0.44348724250154714,
        "f1": 0.487045800812392,
        "roc": 0.8605263635436506
    },
    "16": {
        "loss": 1.8134708851575851,
        "accuracy": 0.497,
        "kappa": 0.4405286392610974,
        "f1": 0.4877363186138354,
        "roc": 0.8730798349795907
    },
    "17": {
        "loss": 1.8334670402109623,
        "accuracy": 0.502,
        "kappa": 0.44584466959323,
        "f1": 0.4882868482026896,
        "roc": 0.8662811456968971
    },
    "18": {
        "loss": 1.8252454549074173,
        "accuracy": 0.509,
        "kappa": 0.4537622541930144,
        "f1": 0.491153225907198,
        "roc": 0.8677060965214984
    },
    "19": {
        "loss": 1.8062465339899063,
        "accuracy": 0.532,
        "kappa": 0.4794980047423516,
        "f1": 0.5199764774634084,
        "roc": 0.8674132856606857
    },
    "20": {
        "loss": 1.8112564831972122,
        "accuracy": 0.486,
        "kappa": 0.42847929905321025,
        "f1": 0.47661189221515754,
        "roc": 0.8718654650052364
    },
    "21": {
        "loss": 1.763196673244238,
        "accuracy": 0.512,
        "kappa": 0.4573225316793532,
        "f1": 0.5044116677404867,
        "roc": 0.8842281145497692
    },
    "22": {
        "loss": 1.7778044380247593,
        "accuracy": 0.52,
        "kappa": 0.4666654814788478,
        "f1": 0.5158786058362123,
        "roc": 0.8778675451616443
    },
    "23": {
        "loss": 1.8227128274738789,
        "accuracy": 0.5,
        "kappa": 0.44416529190215526,
        "f1": 0.49154914499072416,
        "roc": 0.8666760120703142
    },
    "24": {
        "loss": 1.8327854089438915,
        "accuracy": 0.507,
        "kappa": 0.45191102948451833,
        "f1": 0.49990493001432446,
        "roc": 0.8679707401780231
    },
    "25": {
        "loss": 1.7622160725295544,
        "accuracy": 0.533,
        "kappa": 0.48074243824226315,
        "f1": 0.5267926082923298,
        "roc": 0.8818204021928381
    },
    "26": {
        "loss": 1.7018168419599533,
        "accuracy": 0.568,
        "kappa": 0.5194585900114129,
        "f1": 0.5579398765037826,
        "roc": 0.8882865198033413
    },
    "27": {
        "loss": 1.7557778880000114,
        "accuracy": 0.534,
        "kappa": 0.48133241917244696,
        "f1": 0.5211862190393822,
        "roc": 0.8828158351104165
    },
    "28": {
        "loss": 1.7266225777566433,
        "accuracy": 0.563,
        "kappa": 0.5140459621333939,
        "f1": 0.5513796904314148,
        "roc": 0.8898259469518193
    },
    "29": {
        "loss": 1.736868690699339,
        "accuracy": 0.538,
        "kappa": 0.48626995290807895,
        "f1": 0.5271179585877016,
        "roc": 0.883086579961982
    },
    "30": {
        "loss": 1.7046084515750408,
        "accuracy": 0.538,
        "kappa": 0.48621339270423014,
        "f1": 0.5272878325791737,
        "roc": 0.8861200505627839
    },
    "31": {
        "loss": 1.763494037091732,
        "accuracy": 0.537,
        "kappa": 0.48428058255130735,
        "f1": 0.518736275971651,
        "roc": 0.881391760723529
    },
    "32": {
        "loss": 1.7257898077368736,
        "accuracy": 0.539,
        "kappa": 0.48655120565796073,
        "f1": 0.525839527533067,
        "roc": 0.8862820625955482
    },
    "33": {
        "loss": 1.7657130658626556,
        "accuracy": 0.542,
        "kappa": 0.4904197806134767,
        "f1": 0.528095046750776,
        "roc": 0.8762407405079319
    },
    "34": {
        "loss": 1.742213748395443,
        "accuracy": 0.547,
        "kappa": 0.49602774183715137,
        "f1": 0.5372343123881255,
        "roc": 0.8846791236749935
    },
    "35": {
        "loss": 1.7251558788120747,
        "accuracy": 0.541,
        "kappa": 0.48917587040425214,
        "f1": 0.5277708915964835,
        "roc": 0.8902799873971814
    },
    "36": {
        "loss": 1.7403637133538723,
        "accuracy": 0.551,
        "kappa": 0.5005600623799369,
        "f1": 0.5387852516009037,
        "roc": 0.882148546943459
    },
    "37": {
        "loss": 1.7026727125048637,
        "accuracy": 0.548,
        "kappa": 0.4971419416996157,
        "f1": 0.5335715884665011,
        "roc": 0.8902121054637716
    },
    "38": {
        "loss": 1.7095669731497765,
        "accuracy": 0.545,
        "kappa": 0.49400647894121685,
        "f1": 0.5302224730876449,
        "roc": 0.8868259749977885
    },
    "39": {
        "loss": 1.6779696978628635,
        "accuracy": 0.568,
        "kappa": 0.5193864166586007,
        "f1": 0.5575403326866406,
        "roc": 0.8945201855388939
    },
    "40": {
        "loss": 1.7241187430918217,
        "accuracy": 0.567,
        "kappa": 0.518376762846716,
        "f1": 0.5624505360558022,
        "roc": 0.8897458984761452
    },
    "41": {
        "loss": 1.6745823435485363,
        "accuracy": 0.575,
        "kappa": 0.5275021540342979,
        "f1": 0.5654320113775115,
        "roc": 0.8976280026760506
    },
    "42": {
        "loss": 1.669965922832489,
        "accuracy": 0.572,
        "kappa": 0.5237883305888112,
        "f1": 0.5636457923326278,