{
    "0": {
        "loss": 2.3492614328861237,
        "accuracy": 0.087,
        "kappa": -0.01115482076090224,
        "f1": 0.06285321091641506,
        "roc": 0.4875988184363701
    },
    "1": {
        "loss": 2.15830210596323,
        "accuracy": 0.22,
        "kappa": 0.1354418944906588,
        "f1": 0.16243368611091796,
        "roc": 0.7721859383049821
    },
    "2": {
        "loss": 1.4945056401193142,
        "accuracy": 0.489,
        "kappa": 0.431043217333697,
        "f1": 0.4673712180598102,
        "roc": 0.8790851413664452
    },
    "3": {
        "loss": 1.408940251916647,
        "accuracy": 0.514,
        "kappa": 0.458752122950135,
        "f1": 0.5001451439278293,
        "roc": 0.8851131175199158
    },
    "4": {
        "loss": 1.2974334843456745,
        "accuracy": 0.547,
        "kappa": 0.49620709558386045,
        "f1": 0.5328311349799937,
        "roc": 0.9042165884144675
    },
    "5": {
        "loss": 1.2494205720722675,
        "accuracy": 0.573,
        "kappa": 0.5247682549646135,
        "f1": 0.5598322535460392,
        "roc": 0.9130185891817701
    },
    "6": {
        "loss": 1.1962532587349415,
        "accuracy": 0.605,
        "kappa": 0.5602653548101961,
        "f1": 0.5909947226959095,
        "roc": 0.9193139718775377
    },
    "7": {
        "loss": 1.1340745631605387,
        "accuracy": 0.629,
        "kappa": 0.587610530937547,
        "f1": 0.6224300029333507,
        "roc": 0.926612750809749
    },
    "8": {
        "loss": 1.1163173522800207,
        "accuracy": 0.629,
        "kappa": 0.5873899243066261,
        "f1": 0.6225907224605628,
        "roc": 0.9300188806761096
    },
    "9": {
        "loss": 1.0761662423610687,
        "accuracy": 0.649,
        "kappa": 0.6096048333368556,
        "f1": 0.6431186963801399,
        "roc": 0.9361106178861881
    },
    "10": {
        "loss": 1.0613265205174685,
        "accuracy": 0.661,
        "kappa": 0.6227666450044956,
        "f1": 0.6529039234880851,
        "roc": 0.9363758155097994
    },
    "11": {
        "loss": 1.0460105650126934,
        "accuracy": 0.669,
        "kappa": 0.6315897846859331,
        "f1": 0.6585581347035345,
        "roc": 0.9401696758271975
    },
    "12": {
        "loss": 1.0249402280896902,
        "accuracy": 0.658,
        "kappa": 0.6194752987174537,
        "f1": 0.6519370745117656,
        "roc": 0.9408056932432363
    },
    "13": {
        "loss": 1.0253111515194178,
        "accuracy": 0.663,
        "kappa": 0.6248239622820055,
        "f1": 0.6546271030789352,
        "roc": 0.9425454225632384
    },
    "14": {
        "loss": 1.0154017200693488,
        "accuracy": 0.67,
        "kappa": 0.6331185038350234,
        "f1": 0.6639379739888643,
        "roc": 0.9412635561029845
    },
    "15": {
        "loss": 0.9780522156506777,
        "accuracy": 0.693,
        "kappa": 0.6586859966758016,
        "f1": 0.686763887825723,
        "roc": 0.948925101019252
    },
    "16": {
        "loss": 1.001402897760272,
        "accuracy": 0.666,
        "kappa": 0.6283491692936297,
        "f1": 0.658979229632623,
        "roc": 0.944575214785672
    },
    "17": {
        "loss": 0.9614260923117399,
        "accuracy": 0.685,
        "kappa": 0.6495483067064216,
        "f1": 0.6808624702088483,
        "roc": 0.948553162616618
    },
    "18": {
        "loss": 0.9389595314860344,
        "accuracy": 0.682,
        "kappa": 0.6461023965990218,
        "f1": 0.6742554782138588,
        "roc": 0.9501708666794502
    },
    "19": {
        "loss": 0.9427340850234032,
        "accuracy": 0.694,
        "kappa": 0.6598934332757598,
        "f1": 0.6903529024683077,
        "roc": 0.9514494609529273
    },
    "20": {
        "loss": 0.9227560758590698,
        "accuracy": 0.699,
        "kappa": 0.6651097794619949,
        "f1": 0.6914077738545327,
        "roc": 0.9546182783263685
    },
    "21": {
        "loss": 0.9413650818169117,
        "accuracy": 0.69,
        "kappa": 0.6552997113413066,
        "f1": 0.6855736248007009,
        "roc": 0.9518892368477176
    },
    "22": {
        "loss": 0.9044362222775817,
        "accuracy": 0.697,
        "kappa": 0.6629220982932511,
        "f1": 0.6910422842496887,
        "roc": 0.9548156142749281
    },
    "23": {
        "loss": 0.8967890832573175,
        "accuracy": 0.706,
        "kappa": 0.6728378644547242,
        "f1": 0.6973740302349439,
        "roc": 0.9551584840834367
    },
    "24": {
        "loss": 0.9036529362201691,
        "accuracy": 0.702,
        "kappa": 0.6687401900408627,
        "f1": 0.6965543448165425,
        "roc": 0.9526224608121396
    },
    "25": {
        "loss": 0.8776062140241265,
        "accuracy": 0.715,
        "kappa": 0.6831618887108913,
        "f1": 0.7107005427499982,
        "roc": 0.9587313111780977
    },
    "26": {
        "loss": 0.9153290688991547,
        "accuracy": 0.717,
        "kappa": 0.6851399402767209,
        "f1": 0.7125790236268797,
        "roc": 0.9522203081053041
    },
    "27": {
        "loss": 0.8720030505210161,
        "accuracy": 0.728,
        "kappa": 0.6974096261562679,
        "f1": 0.7217840483482412,
        "roc": 0.9572994033531688
    },
    "28": {
        "loss": 0.8776273857802153,
        "accuracy": 0.724,
        "kappa": 0.6930686903374464,
        "f1": 0.7200524224714544,
        "roc": 0.9566250380453093
    },
    "29": {
        "loss": 0.8659797664731741,
        "accuracy": 0.73,
        "kappa": 0.6997531303516225,
        "f1": 0.726087582874789,
        "roc": 0.958462572364926
    },
    "30": {
        "loss": 0.8455011751502752,
        "accuracy": 0.727,
        "kappa": 0.6963005400955595,
        "f1": 0.7220588695792228,
        "roc": 0.9604207675712235
    },
    "31": {
        "loss": 0.8647151067852974,
        "accuracy": 0.741,
        "kappa": 0.7120897835226427,
        "f1": 0.7386815640294246,
        "roc": 0.9572480764063258
    },
    "32": {
        "loss": 0.8569139894098043,
        "accuracy": 0.717,
        "kappa": 0.6851606070281497,
        "f1": 0.7104426110980719,
        "roc": 0.9579599634657333
    },
    "33": {
        "loss": 0.8344577327370644,
        "accuracy": 0.737,
        "kappa": 0.7074598841852591,
        "f1": 0.7309534538649691,
        "roc": 0.9611001851129052
    },
    "34": {
        "loss": 0.8476501945406199,
        "accuracy": 0.73,
        "kappa": 0.6996672981069029,
        "f1": 0.7226674235303021,
        "roc": 0.9587970919596494
    },
    "35": {
        "loss": 0.8545329254120588,
        "accuracy": 0.731,
        "kappa": 0.7008721411883494,
        "f1": 0.7256738586091316,
        "roc": 0.9575956720552066
    },
    "36": {
        "loss": 0.8270569704473019,
        "accuracy": 0.738,
        "kappa": 0.708636049727597,
        "f1": 0.7319951210192841,
        "roc": 0.9608016847481572
    },
    "37": {
        "loss": 0.8199558462947607,
        "accuracy": 0.741,
        "kappa": 0.7119562618373187,
        "f1": 0.7364883258798228,
        "roc": 0.9615402965748354
    },
    "38": {
        "loss": 0.8438275530934334,
        "accuracy": 0.729,
        "kappa": 0.6985569666154622,
        "f1": 0.7245304988394555,
        "roc": 0.9595665115471208
    },
    "39": {
        "loss": 0.8110719621181488,
        "accuracy": 0.759,
        "kappa": 0.7319449341485469,
        "f1": 0.7547009576527506,
        "roc": 0.9637424211629669
    },
    "40": {
        "loss": 0.8077465686947107,
        "accuracy": 0.753,
        "kappa": 0.7252759475199202,
        "f1": 0.7478646974841302,
        "roc": 0.9634195608655279
    },
    "41": {
        "loss": 0.8137771598994732,
        "accuracy": 0.742,
        "kappa": 0.7130451030813172,
        "f1": 0.7373678126591916,
        "roc": 0.9618266483249254
    },
    "42": {
        "loss": 0.7871806770563126,
        "accuracy": 0.755,
        "kappa": 0.7274173629576886,
        "f1": 0.7474448312850914,