{
    "0": {
        "loss": 2.3184518590569496,
        "accuracy": 0.106,
        "kappa": 0.004526398423276734,
        "f1": 0.07764870221226852,
        "roc": 0.5198520820218515
    },
    "1": {
        "loss": 2.2267750427126884,
        "accuracy": 0.212,
        "kappa": 0.12351537073742613,
        "f1": 0.16455511672453904,
        "roc": 0.7353621122512902
    },
    "2": {
        "loss": 1.5410399064421654,
        "accuracy": 0.451,
        "kappa": 0.39162975628621555,
        "f1": 0.426579454528507,
        "roc": 0.8791614104004333
    },
    "3": {
        "loss": 1.3609910942614079,
        "accuracy": 0.553,
        "kappa": 0.5030412320130389,
        "f1": 0.5379656339962212,
        "roc": 0.9006394086098981
    },
    "4": {
        "loss": 1.2476213760674,
        "accuracy": 0.582,
        "kappa": 0.5352203978202059,
        "f1": 0.574347677873793,
        "roc": 0.9154975580098448
    },
    "5": {
        "loss": 1.2233522608876228,
        "accuracy": 0.586,
        "kappa": 0.5396639546869214,
        "f1": 0.5784971710822354,
        "roc": 0.9189108528440382
    },
    "6": {
        "loss": 1.1481281779706478,
        "accuracy": 0.615,
        "kappa": 0.5716315497257886,
        "f1": 0.6063964406903615,
        "roc": 0.9287816330078001
    },
    "7": {
        "loss": 1.1391125191003084,
        "accuracy": 0.615,
        "kappa": 0.5715581373350916,
        "f1": 0.6048806269759683,
        "roc": 0.9305540783546775
    },
    "8": {
        "loss": 1.0931359976530075,
        "accuracy": 0.637,
        "kappa": 0.5965572888649812,
        "f1": 0.6301216988053349,
        "roc": 0.9339313175442451
    },
    "9": {
        "loss": 1.0742179434746504,
        "accuracy": 0.645,
        "kappa": 0.6050592466755446,
        "f1": 0.6342445425795482,
        "roc": 0.9385940629139491
    },
    "10": {
        "loss": 1.058185812085867,
        "accuracy": 0.656,
        "kappa": 0.6174394242018497,
        "f1": 0.6493943281208707,
        "roc": 0.9391382496397707
    },
    "11": {
        "loss": 1.0383152142167091,
        "accuracy": 0.662,
        "kappa": 0.6239534948404861,
        "f1": 0.6541493177006684,
        "roc": 0.9416350604000042
    },
    "12": {
        "loss": 1.0394660104066133,
        "accuracy": 0.65,
        "kappa": 0.610689790951541,
        "f1": 0.6449889680331021,
        "roc": 0.9398732024039322
    },
    "13": {
        "loss": 0.9995453879237175,
        "accuracy": 0.672,
        "kappa": 0.635389455196256,
        "f1": 0.6683613475035782,
        "roc": 0.9454061104483689
    },
    "14": {
        "loss": 0.9900676421821117,
        "accuracy": 0.678,
        "kappa": 0.6418122962946483,
        "f1": 0.6702488541170508,
        "roc": 0.9456248002355304
    },
    "15": {
        "loss": 0.983479829505086,
        "accuracy": 0.673,
        "kappa": 0.6363810237597758,
        "f1": 0.6671343601859988,
        "roc": 0.9459509371235455
    },
    "16": {
        "loss": 0.9526285752654076,
        "accuracy": 0.687,
        "kappa": 0.6518330489413723,
        "f1": 0.6809184197150792,
        "roc": 0.9494878623580822
    },
    "17": {
        "loss": 0.9821371976286173,
        "accuracy": 0.672,
        "kappa": 0.6352751226498596,
        "f1": 0.6659475541819186,
        "roc": 0.9467584023409268
    },
    "18": {
        "loss": 0.9624267071485519,
        "accuracy": 0.684,
        "kappa": 0.648576121637146,
        "f1": 0.6786716890683783,
        "roc": 0.9498687387141469
    },
    "19": {
        "loss": 0.9274568110704422,
        "accuracy": 0.708,
        "kappa": 0.6751455170081347,
        "f1": 0.7008424151791307,
        "roc": 0.95331966716521
    },
    "20": {
        "loss": 0.9240373894572258,
        "accuracy": 0.697,
        "kappa": 0.6631888787857904,
        "f1": 0.6909873933578583,
        "roc": 0.9534638911279887
    },
    "21": {
        "loss": 0.9136836025863886,
        "accuracy": 0.695,
        "kappa": 0.6606847048902565,
        "f1": 0.6894539574480729,
        "roc": 0.9541369933528661
    },
    "22": {
        "loss": 0.9176045656204224,
        "accuracy": 0.702,
        "kappa": 0.6684958723286385,
        "f1": 0.6934288876202944,
        "roc": 0.9533975677066989
    },
    "23": {
        "loss": 0.8900770768523216,
        "accuracy": 0.718,
        "kappa": 0.6863523219938206,
        "f1": 0.7120210182623545,
        "roc": 0.9564993642479742
    },
    "24": {
        "loss": 0.9139267764985561,
        "accuracy": 0.703,
        "kappa": 0.6695917622662668,
        "f1": 0.6964159871410757,
        "roc": 0.9531019088554451
    },
    "25": {
        "loss": 0.8899807799607515,
        "accuracy": 0.72,
        "kappa": 0.6885715779299575,
        "f1": 0.7151363033188796,
        "roc": 0.9558620369924004
    },
    "26": {
        "loss": 0.8628813307732344,
        "accuracy": 0.719,
        "kappa": 0.6874221336275941,
        "f1": 0.7137507769230634,
        "roc": 0.9586668888428485
    },
    "27": {
        "loss": 0.8646240215748549,
        "accuracy": 0.723,
        "kappa": 0.6918524451564099,
        "f1": 0.7173009083009415,
        "roc": 0.9596738700526055
    },
    "28": {
        "loss": 0.8701290898025036,
        "accuracy": 0.715,
        "kappa": 0.6830900168907461,
        "f1": 0.7105541804701316,
        "roc": 0.956474879619947
    },
    "29": {
        "loss": 0.8362182909622788,
        "accuracy": 0.727,
        "kappa": 0.6962349828255932,
        "f1": 0.7179276816729726,
        "roc": 0.9618836310403284
    },
    "30": {
        "loss": 0.8759379982948303,
        "accuracy": 0.722,
        "kappa": 0.6905620306254543,
        "f1": 0.7142369077924419,
        "roc": 0.9560549700267957
    },
    "31": {
        "loss": 0.8505325615406036,
        "accuracy": 0.719,
        "kappa": 0.6870667238335997,
        "f1": 0.7056572782247094,
        "roc": 0.9591652849129917
    },
    "32": {
        "loss": 0.8442716244608164,
        "accuracy": 0.724,
        "kappa": 0.6928377782822954,
        "f1": 0.7159893175833187,
        "roc": 0.9593411775595845
    },
    "33": {
        "loss": 0.8324810564517975,
        "accuracy": 0.731,
        "kappa": 0.701077565371225,
        "f1": 0.7272676444146131,
        "roc": 0.9608408024455166
    },
    "34": {
        "loss": 0.8332856427878141,
        "accuracy": 0.74,
        "kappa": 0.7106236727643453,
        "f1": 0.7329879783941087,
        "roc": 0.9615998021035356
    },
    "35": {
        "loss": 0.8543871939182281,
        "accuracy": 0.729,
        "kappa": 0.6987349089534651,
        "f1": 0.725910060786146,
        "roc": 0.9595991092541569
    },
    "36": {
        "loss": 0.831230103969574,
        "accuracy": 0.756,
        "kappa": 0.7284184492916063,
        "f1": 0.7485617586654787,
        "roc": 0.9611264700701037
    },
    "37": {
        "loss": 0.8550065271556377,
        "accuracy": 0.726,
        "kappa": 0.6950680031739638,
        "f1": 0.7162417607022188,
        "roc": 0.9589641638394136
    },
    "38": {
        "loss": 0.8397776838392019,
        "accuracy": 0.734,
        "kappa": 0.704112721929363,
        "f1": 0.7278743328908607,
        "roc": 0.9602468153549394
    },
    "39": {
        "loss": 0.8174261059612036,
        "accuracy": 0.738,
        "kappa": 0.7085190319271787,
        "f1": 0.7334061863841838,
        "roc": 0.9626847011157811
    },
    "40": {
        "loss": 0.7970122909173369,
        "accuracy": 0.76,
        "kappa": 0.7329868095483917,
        "f1": 0.7542797072268171,
        "roc": 0.9646371603648054
    },
    "41": {
        "loss": 0.8118597902357578,
        "accuracy": 0.755,
        "kappa": 0.7275719432460082,
        "f1": 0.7510196295940561,
        "roc": 0.9627361400513241
    },
    "42": {
        "loss": 0.7814308879896998,
        "accuracy": 0.762,
        "kappa": 0.7353123370030017,
        "f1": 0.7568276416320469,