{
    "0": {
        "loss": 2.333285301923752,
        "accuracy": 0.093,
        "kappa": -0.004808011876010765,
        "f1": 0.037041319630526176,
        "roc": 0.5117842201973414
    },
    "1": {
        "loss": 2.296201638877392,
        "accuracy": 0.126,
        "kappa": 0.03077564563205859,
        "f1": 0.062016222552907105,
        "roc": 0.5802612207619933
    },
    "2": {
        "loss": 2.013797890394926,
        "accuracy": 0.337,
        "kappa": 0.26458598853286575,
        "f1": 0.3033099140244189,
        "roc": 0.827361072866194
    },
    "3": {
        "loss": 2.0037368461489677,
        "accuracy": 0.415,
        "kappa": 0.3498143358714655,
        "f1": 0.39146856259719753,
        "roc": 0.8188213743039668
    },
    "4": {
        "loss": 1.9770370088517666,
        "accuracy": 0.417,
        "kappa": 0.35142880345845307,
        "f1": 0.39856856559976495,
        "roc": 0.823735209870628
    },
    "5": {
        "loss": 2.008248645812273,
        "accuracy": 0.405,
        "kappa": 0.3395515388449145,
        "f1": 0.3913144519582653,
        "roc": 0.821405382938619
    },
    "6": {
        "loss": 1.9660470969974995,
        "accuracy": 0.42,
        "kappa": 0.3554151793057154,
        "f1": 0.4029822808106894,
        "roc": 0.8277151106962062
    },
    "7": {
        "loss": 1.9517207257449627,
        "accuracy": 0.413,
        "kappa": 0.3492585760402994,
        "f1": 0.4032557605819235,
        "roc": 0.8367407054725369
    },
    "8": {
        "loss": 2.0270334780216217,
        "accuracy": 0.368,
        "kappa": 0.29933947224297863,
        "f1": 0.36010746640157876,
        "roc": 0.7991978565255252
    },
    "9": {
        "loss": 1.9696048870682716,
        "accuracy": 0.427,
        "kappa": 0.3637949354523884,
        "f1": 0.4245151014504489,
        "roc": 0.8278285370536175
    },
    "10": {
        "loss": 1.938818696886301,
        "accuracy": 0.427,
        "kappa": 0.3640639531915556,
        "f1": 0.41880088799415527,
        "roc": 0.8400303758088434
    },
    "11": {
        "loss": 1.9627140574157238,
        "accuracy": 0.423,
        "kappa": 0.3598313593875684,
        "f1": 0.4210728831083177,
        "roc": 0.8284569497376234
    },
    "12": {
        "loss": 1.9137431718409061,
        "accuracy": 0.431,
        "kappa": 0.3680003820876424,
        "f1": 0.42770664694562743,
        "roc": 0.8472414841507779
    },
    "13": {
        "loss": 1.9676209837198257,
        "accuracy": 0.42,
        "kappa": 0.35614146682074876,
        "f1": 0.4221220757330104,
        "roc": 0.8318378204210373
    },
    "14": {
        "loss": 1.9101066142320633,
        "accuracy": 0.462,
        "kappa": 0.4032565774879098,
        "f1": 0.4648472593683398,
        "roc": 0.8523484111102959
    },
    "15": {
        "loss": 1.9202687852084637,
        "accuracy": 0.479,
        "kappa": 0.4213747070778867,
        "f1": 0.4753026319165322,
        "roc": 0.8464515162004247
    },
    "16": {
        "loss": 1.8936867974698544,
        "accuracy": 0.441,
        "kappa": 0.3802736330266483,
        "f1": 0.44098361960272614,
        "roc": 0.8554020521547591
    },
    "17": {
        "loss": 1.9218740835785866,
        "accuracy": 0.464,
        "kappa": 0.40520776115096735,
        "f1": 0.46539513289018697,
        "roc": 0.8462302629571956
    },
    "18": {
        "loss": 1.8697448372840881,
        "accuracy": 0.503,
        "kappa": 0.44792561103082407,
        "f1": 0.4999366040616158,
        "roc": 0.862018200287331
    },
    "19": {
        "loss": 1.9051408022642136,
        "accuracy": 0.464,
        "kappa": 0.4054043860301092,
        "f1": 0.46212988437843777,
        "roc": 0.8573078923387725
    },
    "20": {
        "loss": 1.869268648326397,
        "accuracy": 0.483,
        "kappa": 0.4261377069705954,
        "f1": 0.48396871218888393,
        "roc": 0.8605470619689484
    },
    "21": {
        "loss": 1.7911810167133808,
        "accuracy": 0.561,
        "kappa": 0.5120931979790211,
        "f1": 0.5559801359381742,
        "roc": 0.878315916869696
    },
    "22": {
        "loss": 1.8710861466825008,
        "accuracy": 0.516,
        "kappa": 0.4629579698035913,
        "f1": 0.5142675413396749,
        "roc": 0.8635669286215764
    },
    "23": {
        "loss": 1.9005163498222828,
        "accuracy": 0.468,
        "kappa": 0.41006155541928324,
        "f1": 0.4720189277513616,
        "roc": 0.8537452664357437
    },
    "24": {
        "loss": 1.7868914008140564,
        "accuracy": 0.534,
        "kappa": 0.48256717743726407,
        "f1": 0.5315028721635059,
        "roc": 0.8806247195809462
    },
    "25": {
        "loss": 1.8628197498619556,
        "accuracy": 0.451,
        "kappa": 0.3905383577839575,
        "f1": 0.44976621127869976,
        "roc": 0.8589610141639008
    },
    "26": {
        "loss": 1.8085323199629784,
        "accuracy": 0.521,
        "kappa": 0.46779078733630963,
        "f1": 0.520643670026501,
        "roc": 0.8704008823095286
    },
    "27": {
        "loss": 1.8519923277199268,
        "accuracy": 0.486,
        "kappa": 0.42914894325918196,
        "f1": 0.48672164426764947,
        "roc": 0.8564853040539573
    },
    "28": {
        "loss": 1.8442594595253468,
        "accuracy": 0.48,
        "kappa": 0.42254110785488463,
        "f1": 0.480665672608251,
        "roc": 0.859934149655337
    },
    "29": {
        "loss": 1.8504965789616108,
        "accuracy": 0.503,
        "kappa": 0.4485816232336859,
        "f1": 0.5047280262656504,
        "roc": 0.8676444661232996
    },
    "30": {
        "loss": 1.867184303700924,
        "accuracy": 0.429,
        "kappa": 0.3664052764792106,
        "f1": 0.4288784093567436,
        "roc": 0.8541254967696951
    },
    "31": {
        "loss": 1.7745256535708904,
        "accuracy": 0.5,
        "kappa": 0.44460982729587195,
        "f1": 0.4949003926452521,
        "roc": 0.8750189571029473
    },
    "32": {
        "loss": 1.7800904996693134,
        "accuracy": 0.532,
        "kappa": 0.4800895401347546,
        "f1": 0.5323747264150376,
        "roc": 0.8828470017735194
    },
    "33": {
        "loss": 1.8702368140220642,
        "accuracy": 0.49,
        "kappa": 0.43397922592774696,
        "f1": 0.4894529096516541,
        "roc": 0.860102842968162
    },
    "34": {
        "loss": 1.808220662176609,
        "accuracy": 0.522,
        "kappa": 0.46927454938300395,
        "f1": 0.52443608132475,
        "roc": 0.8789080428642213
    },
    "35": {
        "loss": 1.7804348915815353,
        "accuracy": 0.524,
        "kappa": 0.47141064507889974,
        "f1": 0.5239904025270458,
        "roc": 0.8831321375032438
    },
    "36": {
        "loss": 1.8493307046592236,
        "accuracy": 0.512,
        "kappa": 0.45793557875374047,
        "f1": 0.5128029256744213,
        "roc": 0.8658751529181863
    },
    "37": {
        "loss": 1.792226456105709,
        "accuracy": 0.512,
        "kappa": 0.4579361808715896,
        "f1": 0.5174214672330638,
        "roc": 0.8768386938876513
    },
    "38": {
        "loss": 1.7408313527703285,
        "accuracy": 0.528,
        "kappa": 0.4753550245871756,
        "f1": 0.5221153058750573,
        "roc": 0.8835967713060171
    },
    "39": {
        "loss": 1.7631517611443996,
        "accuracy": 0.522,
        "kappa": 0.46882868947369594,
        "f1": 0.5196305242851055,
        "roc": 0.8769700190855719
    },
    "40": {
        "loss": 1.7602450363337994,
        "accuracy": 0.528,
        "kappa": 0.4755409872496459,
        "f1": 0.529469531218461,
        "roc": 0.8829646725351861
    },
    "41": {
        "loss": 1.765703409910202,
        "accuracy": 0.538,
        "kappa": 0.4869289030051308,
        "f1": 0.5378964247750027,
        "roc": 0.8811535522100824
    },
    "42": {
        "loss": 1.758086010813713,
        "accuracy": 0.535,
        "kappa": 0.4839606078833063,
        "f1": 0.5372043068122846,