{
    "0": {
        "loss": 2.3556891679763794,
        "accuracy": 0.1,
        "kappa": 0.0011841516779552697,
        "f1": 0.033315483591852046,
        "roc": 0.4659685061645627
    },
    "1": {
        "loss": 2.1823853701353073,
        "accuracy": 0.218,
        "kappa": 0.12375847108178861,
        "f1": 0.14483440887283705,
        "roc": 0.7741084943376431
    },
    "2": {
        "loss": 1.7904625572264194,
        "accuracy": 0.409,
        "kappa": 0.34365712914961943,
        "f1": 0.40490252121956594,
        "roc": 0.847069112874868
    },
    "3": {
        "loss": 1.6366371735930443,
        "accuracy": 0.504,
        "kappa": 0.4488901135775254,
        "f1": 0.49651088193824255,
        "roc": 0.8753056429055587
    },
    "4": {
        "loss": 1.6055818758904934,
        "accuracy": 0.501,
        "kappa": 0.4454945599571509,
        "f1": 0.4904711375194134,
        "roc": 0.8823456617292335
    },
    "5": {
        "loss": 1.5957410670816898,
        "accuracy": 0.547,
        "kappa": 0.49654527813928473,
        "f1": 0.5384523457661818,
        "roc": 0.8862091693862608
    },
    "6": {
        "loss": 1.509499914944172,
        "accuracy": 0.554,
        "kappa": 0.5042775512200219,
        "f1": 0.5519526969406325,
        "roc": 0.8972338408443935
    },
    "7": {
        "loss": 1.5107083097100258,
        "accuracy": 0.556,
        "kappa": 0.5063320695137816,
        "f1": 0.5505755872225001,
        "roc": 0.8977295832981852
    },
    "8": {
        "loss": 1.4787880666553974,
        "accuracy": 0.576,
        "kappa": 0.5294796533241597,
        "f1": 0.5701167028429945,
        "roc": 0.9002545814670311
    },
    "9": {
        "loss": 1.450320664793253,
        "accuracy": 0.571,
        "kappa": 0.5228816613060363,
        "f1": 0.5587280181825877,
        "roc": 0.9117019209653463
    },
    "10": {
        "loss": 1.4030131101608276,
        "accuracy": 0.605,
        "kappa": 0.5612773382529508,
        "f1": 0.6013285395676375,
        "roc": 0.9148390217097315
    },
    "11": {
        "loss": 1.3818999901413918,
        "accuracy": 0.609,
        "kappa": 0.5655512110676661,
        "f1": 0.6057665203384951,
        "roc": 0.9170669253925716
    },
    "12": {
        "loss": 1.369495339691639,
        "accuracy": 0.633,
        "kappa": 0.5920454419137181,
        "f1": 0.6273562801784551,
        "roc": 0.9231890592150294
    },
    "13": {
        "loss": 1.379345130175352,
        "accuracy": 0.62,
        "kappa": 0.5774693303889618,
        "f1": 0.6142144321259414,
        "roc": 0.9216409329598008
    },
    "14": {
        "loss": 1.3612247332930565,
        "accuracy": 0.598,
        "kappa": 0.5532727769764345,
        "f1": 0.5922200961525472,
        "roc": 0.919943475916608
    },
    "15": {
        "loss": 1.3262112587690353,
        "accuracy": 0.633,
        "kappa": 0.5922118009682469,
        "f1": 0.6305597955541805,
        "roc": 0.923429558365277
    },
    "16": {
        "loss": 1.3130048401653767,
        "accuracy": 0.623,
        "kappa": 0.5805523135822057,
        "f1": 0.6164026108353301,
        "roc": 0.9246917436057451
    },
    "17": {
        "loss": 1.293808225542307,
        "accuracy": 0.636,
        "kappa": 0.5953154427182351,
        "f1": 0.6292617707122697,
        "roc": 0.9301060228460347
    },
    "18": {
        "loss": 1.2906782142817974,
        "accuracy": 0.619,
        "kappa": 0.576146740001068,
        "f1": 0.6123636084113896,
        "roc": 0.9275521122700046
    },
    "19": {
        "loss": 1.2728824764490128,
        "accuracy": 0.64,
        "kappa": 0.599617857488425,
        "f1": 0.6375644057071429,
        "roc": 0.9261767115954029
    },
    "20": {
        "loss": 1.275022242218256,
        "accuracy": 0.634,
        "kappa": 0.5926993019133117,
        "f1": 0.6236307416812241,
        "roc": 0.9292112075452532
    },
    "21": {
        "loss": 1.2150397151708603,
        "accuracy": 0.666,
        "kappa": 0.6282838175474522,
        "f1": 0.6603994554399257,
        "roc": 0.9394771651946552
    },
    "22": {
        "loss": 1.2682247795164585,
        "accuracy": 0.627,
        "kappa": 0.5856186336079953,
        "f1": 0.6225336562048882,
        "roc": 0.9318491058716372
    },
    "23": {
        "loss": 1.2714862897992134,
        "accuracy": 0.652,
        "kappa": 0.6129798549341732,
        "f1": 0.6465321272353632,
        "roc": 0.9274869587530862
    },
    "24": {
        "loss": 1.2306723967194557,
        "accuracy": 0.668,
        "kappa": 0.6309417543828446,
        "f1": 0.662986711497731,
        "roc": 0.9371891323621708
    },
    "25": {
        "loss": 1.2512287348508835,
        "accuracy": 0.654,
        "kappa": 0.615381195030636,
        "f1": 0.6461286825444456,
        "roc": 0.9323432028691002
    },
    "26": {
        "loss": 1.2300312109291553,
        "accuracy": 0.676,
        "kappa": 0.6394286947986476,
        "f1": 0.6708151622534719,
        "roc": 0.9364493601630322
    },
    "27": {
        "loss": 1.2474620826542377,
        "accuracy": 0.644,
        "kappa": 0.6041383114052645,
        "f1": 0.6384303734738296,
        "roc": 0.9309274634672547
    },
    "28": {
        "loss": 1.2191446218639612,
        "accuracy": 0.655,
        "kappa": 0.6163908943429333,
        "f1": 0.6517061770393118,
        "roc": 0.9362055573124343
    },
    "29": {
        "loss": 1.183817733079195,
        "accuracy": 0.662,
        "kappa": 0.6241408337623835,
        "f1": 0.6536137993213608,
        "roc": 0.9417164691990646
    },
    "30": {
        "loss": 1.1956820525228977,
        "accuracy": 0.666,
        "kappa": 0.6284314467143995,
        "f1": 0.6571270265159767,
        "roc": 0.9380155940295707
    },
    "31": {
        "loss": 1.1747295279055834,
        "accuracy": 0.659,
        "kappa": 0.620923257525396,
        "f1": 0.6519989564913236,
        "roc": 0.9416956916358066
    },
    "32": {
        "loss": 1.1924168653786182,
        "accuracy": 0.671,
        "kappa": 0.634036191484723,
        "f1": 0.662864804093467,
        "roc": 0.9385953344841024
    },
    "33": {
        "loss": 1.1978807672858238,
        "accuracy": 0.668,
        "kappa": 0.6308403940667602,
        "f1": 0.6604806481156762,
        "roc": 0.9366466300548195
    },
    "34": {
        "loss": 1.2022546976804733,
        "accuracy": 0.672,
        "kappa": 0.6353359467590483,
        "f1": 0.6652257986060068,
        "roc": 0.9392034322265468
    },
    "35": {
        "loss": 1.1960864197462797,
        "accuracy": 0.666,
        "kappa": 0.6287020022300113,
        "f1": 0.6610769425206062,
        "roc": 0.9370045470007936
    },
    "36": {
        "loss": 1.1474727876484394,
        "accuracy": 0.689,
        "kappa": 0.6539703838703468,
        "f1": 0.679871501167632,
        "roc": 0.9412500749737523
    },
    "37": {
        "loss": 1.1337037365883589,
        "accuracy": 0.687,
        "kappa": 0.6520900164284651,
        "f1": 0.6822089199645133,
        "roc": 0.9440233793126825
    },
    "38": {
        "loss": 1.1504999827593565,
        "accuracy": 0.685,
        "kappa": 0.6499210377451803,
        "f1": 0.6807370736471099,
        "roc": 0.9418846618537617
    },
    "39": {
        "loss": 1.1590062770992517,
        "accuracy": 0.673,
        "kappa": 0.6363604013157749,
        "f1": 0.6672154619956818,
        "roc": 0.9403514162911399
    },
    "40": {
        "loss": 1.1157303713262081,
        "accuracy": 0.705,
        "kappa": 0.671603377030493,
        "f1": 0.7004925345415143,
        "roc": 0.9457194125128165
    },
    "41": {
        "loss": 1.1302199214696884,
        "accuracy": 0.696,
        "kappa": 0.6618983960192986,
        "f1": 0.6890730184127909,
        "roc": 0.9440943248262277
    },
    "42": {
        "loss": 1.1189591269940138,
        "accuracy": 0.697,
        "kappa": 0.6631847603887492,
        "f1": 0.690546848146393,