{
    "0": {
        "loss": 2.35812546312809,
        "accuracy": 0.096,
        "kappa": 0.0039500432466379465,
        "f1": 0.02771858486957372,
        "roc": 0.4783351336162058
    },
    "1": {
        "loss": 2.1384057477116585,
        "accuracy": 0.309,
        "kappa": 0.23211215829824516,
        "f1": 0.24320523047616355,
        "roc": 0.7953747927413972
    },
    "2": {
        "loss": 1.5508614890277386,
        "accuracy": 0.452,
        "kappa": 0.3907977103776722,
        "f1": 0.4133331995009743,
        "roc": 0.8749846574864035
    },
    "3": {
        "loss": 1.3868426606059074,
        "accuracy": 0.523,
        "kappa": 0.4697419410779914,
        "f1": 0.5156666661323009,
        "roc": 0.8940922743714079
    },
    "4": {
        "loss": 1.293661817908287,
        "accuracy": 0.537,
        "kappa": 0.4848056615740689,
        "f1": 0.5223032444811662,
        "roc": 0.9063070129382421
    },
    "5": {
        "loss": 1.232654271647334,
        "accuracy": 0.581,
        "kappa": 0.5339089576246487,
        "f1": 0.5687629973484275,
        "roc": 0.9163724141932477
    },
    "6": {
        "loss": 1.1923910342156887,
        "accuracy": 0.605,
        "kappa": 0.560186525451282,
        "f1": 0.5925877708499054,
        "roc": 0.9210299455519989
    },
    "7": {
        "loss": 1.1652291752398014,
        "accuracy": 0.604,
        "kappa": 0.5590524527150567,
        "f1": 0.5910490561775168,
        "roc": 0.9259434233409726
    },
    "8": {
        "loss": 1.106361759826541,
        "accuracy": 0.629,
        "kappa": 0.5872095028600485,
        "f1": 0.617405213614912,
        "roc": 0.9314868877089385
    },
    "9": {
        "loss": 1.0933053996413946,
        "accuracy": 0.636,
        "kappa": 0.5950119716241355,
        "f1": 0.626266902409287,
        "roc": 0.9348405042537792
    },
    "10": {
        "loss": 1.075028758496046,
        "accuracy": 0.642,
        "kappa": 0.601903302534586,
        "f1": 0.6332587173454504,
        "roc": 0.9356185205232007
    },
    "11": {
        "loss": 1.0306262038648129,
        "accuracy": 0.662,
        "kappa": 0.624380589144599,
        "f1": 0.6587381886870375,
        "roc": 0.9429001502422663
    },
    "12": {
        "loss": 1.0215449947863817,
        "accuracy": 0.657,
        "kappa": 0.6183927995282756,
        "f1": 0.6485838177340296,
        "roc": 0.9430778978263777
    },
    "13": {
        "loss": 1.0031449049711227,
        "accuracy": 0.66,
        "kappa": 0.6220567670735855,
        "f1": 0.6547420023253714,
        "roc": 0.9439655437988332
    },
    "14": {
        "loss": 0.9903739653527737,
        "accuracy": 0.68,
        "kappa": 0.6441008039985274,
        "f1": 0.6737262639431585,
        "roc": 0.9447649787556556
    },
    "15": {
        "loss": 0.972767062485218,
        "accuracy": 0.685,
        "kappa": 0.6495709190586696,
        "f1": 0.6783663607718364,
        "roc": 0.9485344454985614
    },
    "16": {
        "loss": 0.9617765247821808,
        "accuracy": 0.695,
        "kappa": 0.6605993703840123,
        "f1": 0.6853604581539098,
        "roc": 0.9489926336212298
    },
    "17": {
        "loss": 0.9551923610270023,
        "accuracy": 0.684,
        "kappa": 0.6485507165783966,
        "f1": 0.6778903465393079,
        "roc": 0.9497888537333582
    },
    "18": {
        "loss": 0.9280065875500441,
        "accuracy": 0.699,
        "kappa": 0.6650788511203167,
        "f1": 0.6914307353332259,
        "roc": 0.9520363150257716
    },
    "19": {
        "loss": 0.9636845178902149,
        "accuracy": 0.686,
        "kappa": 0.6509051451467477,
        "f1": 0.6823227948806758,
        "roc": 0.9485598935110258
    },
    "20": {
        "loss": 0.9357659034430981,
        "accuracy": 0.704,
        "kappa": 0.6707218311425953,
        "f1": 0.6988827141552516,
        "roc": 0.9514700682297343
    },
    "21": {
        "loss": 0.9391274973750114,
        "accuracy": 0.675,
        "kappa": 0.6383407742400705,
        "f1": 0.6638215629414307,
        "roc": 0.9516773577175769
    },
    "22": {
        "loss": 0.8911768179386854,
        "accuracy": 0.716,
        "kappa": 0.6839820047781031,
        "f1": 0.7102138671732434,
        "roc": 0.9572366382341032
    },
    "23": {
        "loss": 0.9138024803251028,
        "accuracy": 0.701,
        "kappa": 0.6672138902028437,
        "f1": 0.6933662589905973,
        "roc": 0.9527999753762086
    },
    "24": {
        "loss": 0.8963305559009314,
        "accuracy": 0.699,
        "kappa": 0.6653573727551985,
        "f1": 0.6936952395658756,
        "roc": 0.9558325650194937
    },
    "25": {
        "loss": 0.877258438616991,
        "accuracy": 0.725,
        "kappa": 0.6941236141019025,
        "f1": 0.7192727454603143,
        "roc": 0.9569864926583451
    },
    "26": {
        "loss": 0.8742654882371426,
        "accuracy": 0.724,
        "kappa": 0.6930509401983158,
        "f1": 0.7196259414760483,
        "roc": 0.9573479315424989
    },
    "27": {
        "loss": 0.8932344149798155,
        "accuracy": 0.718,
        "kappa": 0.6863823199701062,
        "f1": 0.712469436286645,
        "roc": 0.9570870206413856
    },
    "28": {
        "loss": 0.8365647494792938,
        "accuracy": 0.722,
        "kappa": 0.6907647676508801,
        "f1": 0.7161501820593906,
        "roc": 0.9613391956117325
    },
    "29": {
        "loss": 0.8561180802062154,
        "accuracy": 0.73,
        "kappa": 0.699629877259868,
        "f1": 0.7254279381112541,
        "roc": 0.9589369019020934
    },
    "30": {
        "loss": 0.8482998050749302,
        "accuracy": 0.712,
        "kappa": 0.679824615039127,
        "f1": 0.7076534362611386,
        "roc": 0.9612076605921874
    },
    "31": {
        "loss": 0.8754374589771032,
        "accuracy": 0.724,
        "kappa": 0.6928613636287762,
        "f1": 0.7171855663472757,
        "roc": 0.9586422947826296
    },
    "32": {
        "loss": 0.843140346929431,
        "accuracy": 0.726,
        "kappa": 0.6951657063644727,
        "f1": 0.7183274041891012,
        "roc": 0.9622573918783326
    },
    "33": {
        "loss": 0.8502441048622131,
        "accuracy": 0.72,
        "kappa": 0.6885220370658776,
        "f1": 0.7128663090557315,
        "roc": 0.9614493708278617
    },
    "34": {
        "loss": 0.8336553424596786,
        "accuracy": 0.725,
        "kappa": 0.6941797400194168,
        "f1": 0.7222500498572701,
        "roc": 0.9615246106381855
    },
    "35": {
        "loss": 0.8179590106010437,
        "accuracy": 0.742,
        "kappa": 0.7131299743596016,
        "f1": 0.7366889743237828,
        "roc": 0.9628233454848601
    },
    "36": {
        "loss": 0.8063440769910812,
        "accuracy": 0.748,
        "kappa": 0.7197462146276905,
        "f1": 0.7425450864167085,
        "roc": 0.9639978418438264
    },
    "37": {
        "loss": 0.8208430707454681,
        "accuracy": 0.727,
        "kappa": 0.6964521595260651,
        "f1": 0.7233167097108706,
        "roc": 0.9625745742268037
    },
    "38": {
        "loss": 0.7943377261981368,
        "accuracy": 0.728,
        "kappa": 0.6975149518804116,
        "f1": 0.7218155703435004,
        "roc": 0.9656604319473022
    },
    "39": {
        "loss": 0.8270856691524386,
        "accuracy": 0.738,
        "kappa": 0.7087539448833515,
        "f1": 0.7326378683485254,
        "roc": 0.9624150577260023
    },
    "40": {
        "loss": 0.809475738555193,
        "accuracy": 0.728,
        "kappa": 0.6976007061912921,
        "f1": 0.7253621965259647,
        "roc": 0.9640891382196829
    },
    "41": {
        "loss": 0.7949805436655879,
        "accuracy": 0.754,
        "kappa": 0.726469420726724,
        "f1": 0.7490564052903566,
        "roc": 0.9640799390568778
    },
    "42": {
        "loss": 0.7908636871725321,
        "accuracy": 0.761,
        "kappa": 0.7341842403508323,
        "f1": 0.7553300207753147,