{
    "0": {
        "loss": 2.330042913556099,
        "accuracy": 0.089,
        "kappa": -0.0117972673699267,
        "f1": 0.07006010979696414,
        "roc": 0.49153708269216273
    },
    "1": {
        "loss": 2.2687495052814484,
        "accuracy": 0.179,
        "kappa": 0.08691846660134606,
        "f1": 0.11003023648903634,
        "roc": 0.7021713949731423
    },
    "2": {
        "loss": 1.7331760823726654,
        "accuracy": 0.452,
        "kappa": 0.3899017608236772,
        "f1": 0.42514044697181796,
        "roc": 0.8600826239882853
    },
    "3": {
        "loss": 1.6321824304759502,
        "accuracy": 0.475,
        "kappa": 0.41493682989371916,
        "f1": 0.44998345650339394,
        "roc": 0.8682163856651914
    },
    "4": {
        "loss": 1.5654324740171432,
        "accuracy": 0.491,
        "kappa": 0.4327926104800759,
        "f1": 0.4722934425702217,
        "roc": 0.8841628604909797
    },
    "5": {
        "loss": 1.5356817096471786,
        "accuracy": 0.523,
        "kappa": 0.468715472074705,
        "f1": 0.510364821385272,
        "roc": 0.8873232517600931
    },
    "6": {
        "loss": 1.5399559363722801,
        "accuracy": 0.547,
        "kappa": 0.49592006827890645,
        "f1": 0.5361424399650498,
        "roc": 0.892200513995897
    },
    "7": {
        "loss": 1.4763671606779099,
        "accuracy": 0.555,
        "kappa": 0.504351128798536,
        "f1": 0.5429455730154509,
        "roc": 0.8985662843578714
    },
    "8": {
        "loss": 1.4209063909947872,
        "accuracy": 0.554,
        "kappa": 0.5040030071207819,
        "f1": 0.5478429016926673,
        "roc": 0.9036547407580237
    },
    "9": {
        "loss": 1.4233493953943253,
        "accuracy": 0.591,
        "kappa": 0.5448916029718911,
        "f1": 0.583357265369042,
        "roc": 0.912265599930494
    },
    "10": {
        "loss": 1.4015765264630318,
        "accuracy": 0.573,
        "kappa": 0.5248005163760197,
        "f1": 0.5645538851468134,
        "roc": 0.9156312582886169
    },
    "11": {
        "loss": 1.3873892426490784,
        "accuracy": 0.59,
        "kappa": 0.5436884883735166,
        "f1": 0.5789449922436652,
        "roc": 0.9176842464833668
    },
    "12": {
        "loss": 1.3550922572612762,
        "accuracy": 0.615,
        "kappa": 0.5712685328920555,
        "f1": 0.6028459009529306,
        "roc": 0.9172360512811626
    },
    "13": {
        "loss": 1.380617093294859,
        "accuracy": 0.597,
        "kappa": 0.5512963971216165,
        "f1": 0.5848138473441276,
        "roc": 0.9167311887422527
    },
    "14": {
        "loss": 1.3092540949583054,
        "accuracy": 0.609,
        "kappa": 0.5646548748633284,
        "f1": 0.5999331886191046,
        "roc": 0.9226495351402347
    },
    "15": {
        "loss": 1.3117002248764038,
        "accuracy": 0.621,
        "kappa": 0.5781994793712835,
        "f1": 0.6141167105024563,
        "roc": 0.9252710380753832
    },
    "16": {
        "loss": 1.3248773775994778,
        "accuracy": 0.635,
        "kappa": 0.5938492078946812,
        "f1": 0.6280360407118241,
        "roc": 0.9260365318706534
    },
    "17": {
        "loss": 1.298951655626297,
        "accuracy": 0.621,
        "kappa": 0.5779585218971599,
        "f1": 0.6104163221279068,
        "roc": 0.9266867130088198
    },
    "18": {
        "loss": 1.2868867702782154,
        "accuracy": 0.644,
        "kappa": 0.6036742514063442,
        "f1": 0.6329937415647213,
        "roc": 0.9284805033919856
    },
    "19": {
        "loss": 1.2979724444448948,
        "accuracy": 0.638,
        "kappa": 0.5973442517555012,
        "f1": 0.6322639758521692,
        "roc": 0.9272113946335576
    },
    "20": {
        "loss": 1.3016448318958282,
        "accuracy": 0.615,
        "kappa": 0.571711607282905,
        "f1": 0.6067560166567284,
        "roc": 0.9252728739812077
    },
    "21": {
        "loss": 1.2911272794008255,
        "accuracy": 0.617,
        "kappa": 0.5735337019724346,
        "f1": 0.6090875414467812,
        "roc": 0.928232547328086
    },
    "22": {
        "loss": 1.2435733079910278,
        "accuracy": 0.659,
        "kappa": 0.620592165506376,
        "f1": 0.6526272020750545,
        "roc": 0.9311192337881973
    },
    "23": {
        "loss": 1.2631345335394144,
        "accuracy": 0.629,
        "kappa": 0.5868426650095828,
        "f1": 0.6153026012585273,
        "roc": 0.9277408696235818
    },
    "24": {
        "loss": 1.2624131329357624,
        "accuracy": 0.631,
        "kappa": 0.5892007672705453,
        "f1": 0.6190766321065475,
        "roc": 0.9295886443296009
    },
    "25": {
        "loss": 1.2345522716641426,
        "accuracy": 0.65,
        "kappa": 0.6104493077684199,
        "f1": 0.6417785179446938,
        "roc": 0.930512321678129
    },
    "26": {
        "loss": 1.2356923930346966,
        "accuracy": 0.648,
        "kappa": 0.6081408733560285,
        "f1": 0.6341352310083157,
        "roc": 0.9331284633764915
    },
    "27": {
        "loss": 1.2522624544799328,
        "accuracy": 0.643,
        "kappa": 0.6024436906588745,
        "f1": 0.6323859911439318,
        "roc": 0.9297723332453792
    },
    "28": {
        "loss": 1.182702673599124,
        "accuracy": 0.676,
        "kappa": 0.6393383863064355,
        "f1": 0.6648405838742819,
        "roc": 0.9389391720360981
    },
    "29": {
        "loss": 1.1622179057449102,
        "accuracy": 0.672,
        "kappa": 0.6349877587358113,
        "f1": 0.6651422795691591,
        "roc": 0.9402284448479771
    },
    "30": {
        "loss": 1.220429452136159,
        "accuracy": 0.657,
        "kappa": 0.6184836337264917,
        "f1": 0.6519817959983063,
        "roc": 0.9325311603678988
    },
    "31": {
        "loss": 1.1613090001046658,
        "accuracy": 0.669,
        "kappa": 0.6313879302376602,
        "f1": 0.6599224575583088,
        "roc": 0.9419793718079251
    },
    "32": {
        "loss": 1.158853543922305,
        "accuracy": 0.675,
        "kappa": 0.638142255743239,
        "f1": 0.664226089989328,
        "roc": 0.9411118652964408
    },
    "33": {
        "loss": 1.179665669798851,
        "accuracy": 0.665,
        "kappa": 0.6272074051075924,
        "f1": 0.6563084079267361,
        "roc": 0.9391701100453613
    },
    "34": {
        "loss": 1.158929005265236,
        "accuracy": 0.678,
        "kappa": 0.6414030273602809,
        "f1": 0.6687286498705708,
        "roc": 0.9419424174877953
    },
    "35": {
        "loss": 1.1877481490373611,
        "accuracy": 0.659,
        "kappa": 0.6203040462672325,
        "f1": 0.6487530836896946,
        "roc": 0.9389162822487247
    },
    "36": {
        "loss": 1.1684278678148985,
        "accuracy": 0.684,
        "kappa": 0.6484866013326362,
        "f1": 0.677629878734898,
        "roc": 0.9394364829851538
    },
    "37": {
        "loss": 1.1258215010166168,
        "accuracy": 0.679,
        "kappa": 0.6429036273649291,
        "f1": 0.6713416249554027,
        "roc": 0.9448870330858383
    },
    "38": {
        "loss": 1.1196271236985922,
        "accuracy": 0.68,
        "kappa": 0.6440247892237404,
        "f1": 0.6710819984115182,
        "roc": 0.9476842442062201
    },
    "39": {
        "loss": 1.1989395823329687,
        "accuracy": 0.664,
        "kappa": 0.6258706024485433,
        "f1": 0.6498308474307519,
        "roc": 0.9358921388601328
    },
    "40": {
        "loss": 1.1443187780678272,
        "accuracy": 0.67,
        "kappa": 0.632366866673945,
        "f1": 0.659753739384712,
        "roc": 0.9425132437079095
    },
    "41": {
        "loss": 1.1603469755500555,
        "accuracy": 0.682,
        "kappa": 0.6461728812654104,
        "f1": 0.6725979913029625,
        "roc": 0.9422518955089918
    },
    "42": {
        "loss": 1.1356583684682846,
        "accuracy": 0.697,
        "kappa": 0.6627851718960933,
        "f1": 0.6884755766982547,