{
    "0": {
        "loss": 2.3197823986411095,
        "accuracy": 0.097,
        "kappa": -0.009535244854221192,
        "f1": 0.06335108827490506,
        "roc": 0.4940172742068715
    },
    "1": {
        "loss": 2.196291819214821,
        "accuracy": 0.227,
        "kappa": 0.14085336712124752,
        "f1": 0.17050275943212342,
        "roc": 0.7545640040609317
    },
    "2": {
        "loss": 1.5047106072306633,
        "accuracy": 0.488,
        "kappa": 0.430168356313946,
        "f1": 0.4767670920943924,
        "roc": 0.8788995003892832
    },
    "3": {
        "loss": 1.3498060926795006,
        "accuracy": 0.547,
        "kappa": 0.49613649028477735,
        "f1": 0.5352745653558795,
        "roc": 0.899186123984761
    },
    "4": {
        "loss": 1.292370967566967,
        "accuracy": 0.559,
        "kappa": 0.5092240286586458,
        "f1": 0.5447084516972904,
        "roc": 0.906004940577267
    },
    "5": {
        "loss": 1.2358388118445873,
        "accuracy": 0.585,
        "kappa": 0.5384083206627345,
        "f1": 0.5774464221181786,
        "roc": 0.9177384156268376
    },
    "6": {
        "loss": 1.203877778723836,
        "accuracy": 0.595,
        "kappa": 0.5495986423457347,
        "f1": 0.5875818778506495,
        "roc": 0.9199106679500121
    },
    "7": {
        "loss": 1.1563737280666828,
        "accuracy": 0.611,
        "kappa": 0.5675173271014322,
        "f1": 0.6036809401955738,
        "roc": 0.9271589034836023
    },
    "8": {
        "loss": 1.123435975983739,
        "accuracy": 0.631,
        "kappa": 0.5892085417905164,
        "f1": 0.6196793800639259,
        "roc": 0.9298767473469068
    },
    "9": {
        "loss": 1.0827793516218662,
        "accuracy": 0.635,
        "kappa": 0.5939273786399126,
        "f1": 0.6309183724947546,
        "roc": 0.9365204475271595
    },
    "10": {
        "loss": 1.0822744276374578,
        "accuracy": 0.648,
        "kappa": 0.6086701790000411,
        "f1": 0.6437185566450022,
        "roc": 0.9366706440225293
    },
    "11": {
        "loss": 1.0726718250662088,
        "accuracy": 0.654,
        "kappa": 0.6154213803482549,
        "f1": 0.6493696429412769,
        "roc": 0.9379779949300933
    },
    "12": {
        "loss": 1.027484204620123,
        "accuracy": 0.665,
        "kappa": 0.6276693881996759,
        "f1": 0.6606901919151517,
        "roc": 0.9426591021709623
    },
    "13": {
        "loss": 1.0277704186737537,
        "accuracy": 0.668,
        "kappa": 0.630561057574611,
        "f1": 0.6581184962693836,
        "roc": 0.9424589815578746
    },
    "14": {
        "loss": 1.0130151081830263,
        "accuracy": 0.656,
        "kappa": 0.6173458037072962,
        "f1": 0.647188373242878,
        "roc": 0.94201328747498
    },
    "15": {
        "loss": 0.9844607263803482,
        "accuracy": 0.678,
        "kappa": 0.6414772917061005,
        "f1": 0.667139509539885,
        "roc": 0.9482890617077274
    },
    "16": {
        "loss": 0.9887712858617306,
        "accuracy": 0.683,
        "kappa": 0.6476105885792481,
        "f1": 0.6782125404631895,
        "roc": 0.9449026686690832
    },
    "17": {
        "loss": 0.9930657278746367,
        "accuracy": 0.674,
        "kappa": 0.637636053211923,
        "f1": 0.6700981215365696,
        "roc": 0.9441536701282809
    },
    "18": {
        "loss": 0.964784624055028,
        "accuracy": 0.672,
        "kappa": 0.6348662642032015,
        "f1": 0.6627883563481062,
        "roc": 0.9459466655147022
    },
    "19": {
        "loss": 0.9606599826365709,
        "accuracy": 0.683,
        "kappa": 0.6473608799736579,
        "f1": 0.6752858622576279,
        "roc": 0.9502489609184022
    },
    "20": {
        "loss": 0.951142955571413,
        "accuracy": 0.695,
        "kappa": 0.660843931497146,
        "f1": 0.6892178420433867,
        "roc": 0.9493015367234323
    },
    "21": {
        "loss": 0.9322464689612389,
        "accuracy": 0.692,
        "kappa": 0.6573997755301126,
        "f1": 0.6872247067172335,
        "roc": 0.9523557883785415
    },
    "22": {
        "loss": 0.9233956057578325,
        "accuracy": 0.684,
        "kappa": 0.6484013387452823,
        "f1": 0.6757159418804096,
        "roc": 0.9529557133684536
    },
    "23": {
        "loss": 0.9231415372341871,
        "accuracy": 0.696,
        "kappa": 0.6618686871495643,
        "f1": 0.6913983211088137,
        "roc": 0.953590753432797
    },
    "24": {
        "loss": 0.9118827432394028,
        "accuracy": 0.71,
        "kappa": 0.6774606140482586,
        "f1": 0.704710939833966,
        "roc": 0.953283534251532
    },
    "25": {
        "loss": 0.9378872271627188,
        "accuracy": 0.706,
        "kappa": 0.6729943374631702,
        "f1": 0.6971817479657334,
        "roc": 0.9503701492207725
    },
    "26": {
        "loss": 0.9160588011145592,
        "accuracy": 0.707,
        "kappa": 0.6739960078418981,
        "f1": 0.7025720572891011,
        "roc": 0.9547650303886284
    },
    "27": {
        "loss": 0.8915163110941648,
        "accuracy": 0.722,
        "kappa": 0.6907592638735629,
        "f1": 0.7153662807624217,
        "roc": 0.9575195908625735
    },
    "28": {
        "loss": 0.9027454210445285,
        "accuracy": 0.72,
        "kappa": 0.6886075977521917,
        "f1": 0.7153790271079672,
        "roc": 0.9542954453921281
    },
    "29": {
        "loss": 0.8769701160490513,
        "accuracy": 0.719,
        "kappa": 0.6875264101343748,
        "f1": 0.7151255079963684,
        "roc": 0.9588186432921683
    },
    "30": {
        "loss": 0.8689362145960331,
        "accuracy": 0.716,
        "kappa": 0.6840372035067421,
        "f1": 0.7117598945694116,
        "roc": 0.9606152103930053
    },
    "31": {
        "loss": 0.858523067086935,
        "accuracy": 0.719,
        "kappa": 0.6876066556458149,
        "f1": 0.716231262134029,
        "roc": 0.9593565381593739
    },
    "32": {
        "loss": 0.8574488032609224,
        "accuracy": 0.73,
        "kappa": 0.6998896260735893,
        "f1": 0.726883995789991,
        "roc": 0.9593090272175908
    },
    "33": {
        "loss": 0.858469775877893,
        "accuracy": 0.728,
        "kappa": 0.6973638387616841,
        "f1": 0.7205848717662302,
        "roc": 0.9589828345109079
    },
    "34": {
        "loss": 0.8506567385047674,
        "accuracy": 0.733,
        "kappa": 0.702987148354026,
        "f1": 0.7259476026627734,
        "roc": 0.9582497137537385
    },
    "35": {
        "loss": 0.8341077864170074,
        "accuracy": 0.735,
        "kappa": 0.7052837616913377,
        "f1": 0.7291047955001347,
        "roc": 0.9622740447163552
    },
    "36": {
        "loss": 0.8407249711453915,
        "accuracy": 0.738,
        "kappa": 0.708564748125415,
        "f1": 0.7315428753426626,
        "roc": 0.9621646118215675
    },
    "37": {
        "loss": 0.84300079010427,
        "accuracy": 0.724,
        "kappa": 0.6931717371148804,
        "f1": 0.7198872428053853,
        "roc": 0.9615941615963737
    },
    "38": {
        "loss": 0.8335871156305075,
        "accuracy": 0.74,
        "kappa": 0.7109277108031873,
        "f1": 0.7360185452062081,
        "roc": 0.9616546016689345
    },
    "39": {
        "loss": 0.8167180176824331,
        "accuracy": 0.738,
        "kappa": 0.7086541936560007,
        "f1": 0.7320994155642923,
        "roc": 0.9630930121629634
    },
    "40": {
        "loss": 0.8515386302024126,
        "accuracy": 0.723,
        "kappa": 0.6919984077318407,
        "f1": 0.7183133071346252,
        "roc": 0.9602802375772868
    },
    "41": {
        "loss": 0.8163946606218815,
        "accuracy": 0.729,
        "kappa": 0.6984586899532221,
        "f1": 0.7217057348469439,
        "roc": 0.9625536003550472
    },
    "42": {
        "loss": 0.8160835541784763,
        "accuracy": 0.744,
        "kappa": 0.7151900494523528,
        "f1": 0.7378716898182136,