{
    "0": {
        "loss": 2.3206284642219543,
        "accuracy": 0.093,
        "kappa": -0.004805785554282682,
        "f1": 0.04950202162000788,
        "roc": 0.4986161305115262
    },
    "1": {
        "loss": 2.2531296983361244,
        "accuracy": 0.234,
        "kappa": 0.14208851048197602,
        "f1": 0.15246111441472462,
        "roc": 0.6753766162214717
    },
    "2": {
        "loss": 1.719602219760418,
        "accuracy": 0.45,
        "kappa": 0.38782370213059614,
        "f1": 0.43175910866585865,
        "roc": 0.8580877048548343
    },
    "3": {
        "loss": 1.6380822621285915,
        "accuracy": 0.482,
        "kappa": 0.4236612641400481,
        "f1": 0.46324180098523177,
        "roc": 0.8717109026519096
    },
    "4": {
        "loss": 1.5883469842374325,
        "accuracy": 0.499,
        "kappa": 0.44280089863647487,
        "f1": 0.4899623688743719,
        "roc": 0.8828433688633395
    },
    "5": {
        "loss": 1.535632774233818,
        "accuracy": 0.509,
        "kappa": 0.4537586080300823,
        "f1": 0.4907702665506829,
        "roc": 0.8883223818702284
    },
    "6": {
        "loss": 1.5061945542693138,
        "accuracy": 0.539,
        "kappa": 0.48690209067920354,
        "f1": 0.5254920108247769,
        "roc": 0.8934342711670787
    },
    "7": {
        "loss": 1.5129737928509712,
        "accuracy": 0.523,
        "kappa": 0.468978077811967,
        "f1": 0.5078369327261493,
        "roc": 0.8942704369245241
    },
    "8": {
        "loss": 1.4558377377688885,
        "accuracy": 0.563,
        "kappa": 0.514022724163969,
        "f1": 0.5457925997600416,
        "roc": 0.9047852833549674
    },
    "9": {
        "loss": 1.405017253011465,
        "accuracy": 0.582,
        "kappa": 0.534894589088271,
        "f1": 0.5733761260061175,
        "roc": 0.913928587336496
    },
    "10": {
        "loss": 1.3663441874086857,
        "accuracy": 0.594,
        "kappa": 0.5482096974674149,
        "f1": 0.5795796351003035,
        "roc": 0.9186188292143873
    },
    "11": {
        "loss": 1.3425762690603733,
        "accuracy": 0.6,
        "kappa": 0.5550770161685012,
        "f1": 0.5907376869146037,
        "roc": 0.9196408750146426
    },
    "12": {
        "loss": 1.343495700508356,
        "accuracy": 0.596,
        "kappa": 0.550682262292566,
        "f1": 0.5840796166513054,
        "roc": 0.9171273768214011
    },
    "13": {
        "loss": 1.3665748834609985,
        "accuracy": 0.59,
        "kappa": 0.5436986452301483,
        "f1": 0.5785926009199875,
        "roc": 0.9196115286335415
    },
    "14": {
        "loss": 1.304509051144123,
        "accuracy": 0.613,
        "kappa": 0.5694431464694338,
        "f1": 0.6047282415988471,
        "roc": 0.9260464201702284
    },
    "15": {
        "loss": 1.3092985264956951,
        "accuracy": 0.641,
        "kappa": 0.6003851441229344,
        "f1": 0.629549146810527,
        "roc": 0.9232502727051679
    },
    "16": {
        "loss": 1.332425482571125,
        "accuracy": 0.621,
        "kappa": 0.5784317215113278,
        "f1": 0.6130561869022528,
        "roc": 0.9229766851568011
    },
    "17": {
        "loss": 1.2997544147074223,
        "accuracy": 0.62,
        "kappa": 0.5773419703872437,
        "f1": 0.6065337117881017,
        "roc": 0.925791489156679
    },
    "18": {
        "loss": 1.276644304394722,
        "accuracy": 0.633,
        "kappa": 0.5921456362361377,
        "f1": 0.6257514314853518,
        "roc": 0.929542258208266
    },
    "19": {
        "loss": 1.2439813762903214,
        "accuracy": 0.622,
        "kappa": 0.5796048285388266,
        "f1": 0.6141414484971837,
        "roc": 0.9305736498598243
    },
    "20": {
        "loss": 1.2785111963748932,
        "accuracy": 0.622,
        "kappa": 0.5796211919852223,
        "f1": 0.6112552841868405,
        "roc": 0.9201746887809703
    },
    "21": {
        "loss": 1.232499934732914,
        "accuracy": 0.655,
        "kappa": 0.6164224556300845,
        "f1": 0.6509924728266838,
        "roc": 0.9336539715026602
    },
    "22": {
        "loss": 1.2320301868021488,
        "accuracy": 0.645,
        "kappa": 0.6052331626383769,
        "f1": 0.639870196439602,
        "roc": 0.9311996350206962
    },
    "23": {
        "loss": 1.2167797517031431,
        "accuracy": 0.657,
        "kappa": 0.618380062305296,
        "f1": 0.6490199388519431,
        "roc": 0.9357743866572832
    },
    "24": {
        "loss": 1.2360066622495651,
        "accuracy": 0.65,
        "kappa": 0.6105130322339416,
        "f1": 0.6419502164537413,
        "roc": 0.9302128665972387
    },
    "25": {
        "loss": 1.23470463976264,
        "accuracy": 0.642,
        "kappa": 0.6018634569595491,
        "f1": 0.6334373858522404,
        "roc": 0.9348064057540988
    },
    "26": {
        "loss": 1.2315108980983496,
        "accuracy": 0.661,
        "kappa": 0.6229067990237847,
        "f1": 0.6519457221322295,
        "roc": 0.9355290832744417
    },
    "27": {
        "loss": 1.2270493805408478,
        "accuracy": 0.664,
        "kappa": 0.6261773743855847,
        "f1": 0.6521325371310028,
        "roc": 0.9324789206096753
    },
    "28": {
        "loss": 1.213076289743185,
        "accuracy": 0.66,
        "kappa": 0.6216896453117888,
        "f1": 0.6484988491634163,
        "roc": 0.9316509210249683
    },
    "29": {
        "loss": 1.189982982352376,
        "accuracy": 0.668,
        "kappa": 0.6308013945031665,
        "f1": 0.6608224607095886,
        "roc": 0.9365698641769044
    },
    "30": {
        "loss": 1.181839706376195,
        "accuracy": 0.676,
        "kappa": 0.6398343237889429,
        "f1": 0.6687566934415037,
        "roc": 0.9400501486638071
    },
    "31": {
        "loss": 1.1775852050632238,
        "accuracy": 0.654,
        "kappa": 0.6151454716748179,
        "f1": 0.6457782065131383,
        "roc": 0.9432161366221197
    },
    "32": {
        "loss": 1.1768686436116695,
        "accuracy": 0.671,
        "kappa": 0.6339405025362694,
        "f1": 0.6617593843109413,
        "roc": 0.9387636103372528
    },
    "33": {
        "loss": 1.1761113815009594,
        "accuracy": 0.663,
        "kappa": 0.6254294501371016,
        "f1": 0.6567852969079102,
        "roc": 0.9366011637030317
    },
    "34": {
        "loss": 1.177101755514741,
        "accuracy": 0.66,
        "kappa": 0.6216113347437586,
        "f1": 0.6473892951298046,
        "roc": 0.9369433228807174
    },
    "35": {
        "loss": 1.1972508374601603,
        "accuracy": 0.66,
        "kappa": 0.6215477361876054,
        "f1": 0.6493524871750858,
        "roc": 0.9371517059627126
    },
    "36": {
        "loss": 1.1928540039807558,
        "accuracy": 0.68,
        "kappa": 0.6441637291641182,
        "f1": 0.6755288004596784,
        "roc": 0.9410196362765351
    },
    "37": {
        "loss": 1.1390782669186592,
        "accuracy": 0.683,
        "kappa": 0.6474408879596059,
        "f1": 0.6783997043542851,
        "roc": 0.9403292369513009
    },
    "38": {
        "loss": 1.1610798966139555,
        "accuracy": 0.681,
        "kappa": 0.6451537907920191,
        "f1": 0.671693676175529,
        "roc": 0.9395966897093855
    },
    "39": {
        "loss": 1.144192984327674,
        "accuracy": 0.667,
        "kappa": 0.6294788001789183,
        "f1": 0.656542662220142,
        "roc": 0.9398491055951899
    },
    "40": {
        "loss": 1.163450088351965,
        "accuracy": 0.679,
        "kappa": 0.6429528797907993,
        "f1": 0.6714956939877834,
        "roc": 0.9415469448244049
    },
    "41": {
        "loss": 1.163416139781475,
        "accuracy": 0.672,
        "kappa": 0.6350421815576133,
        "f1": 0.6633329012714873,
        "roc": 0.941607910597428
    },
    "42": {
        "loss": 1.1398083195090294,
        "accuracy": 0.687,
        "kappa": 0.651692020075003,
        "f1": 0.6768314187599915,